review_id,source_id,acronym,titre,resume_complet,mon_label,note
1,716864,DADIYSO COMP,DESIGN AGAINST DISTORTION WITH LAYUP AND SHAPE OPTIMIZATION OF CARBON-EPOXY AEROSPACE COMPOSITES,"In the “DADIYSO COMP” project Swerea SICOMP covers the entire topic and will be the only partner. Swerea SICOMP will develop an FE-based simulation tool for rapid predictions of cure induced part distortions including sub models for cure kinetics, glass transition, and constitutive relations among other aspects. A balance between accuracy, complexity, and simulation time will be achieved which will enable the tool to be used for optimization purposes. Carbon-epoxy distortion calibration coupons and small demonstrator parts will be manufactured and measured to validate the simulation tool for rapid cure distortion predictions. The final simulation tool for cure distortions will be included in an optimisation framework to allow for shape and layup optimisation to account for cure induced part distortions. The optimization framework will evaluate which areas within the part have the most significant contribution to global distortion, and then adjust the tool/part shape and material layup in these areas to minimize the effects of distortion. Also an efficient part data (CAD + ply-book) to CAE interfacing method will be developed to import a part design into the optimisation environment, as well as the reverse process. Emphasis will be on creating tools that are accurate and robust, while maintaining a level of complexity that would not be overwhelming for a non-expert engineer in either cure distortion or optimization. Finally the entire package will be demonstrated on one or more use cases together with the topic manager. The final result of DADIYSO COMP will help designers to predict and prevent distortion in a reliable manner as well as give ideas on how to improve the design for manufacturing",,
2,893864,DACUS,Demand and Capacity Optimisation in U-space,"DACUS aims at the development of a service-oriented Demand and Capacity Balancing (DCB) process for drone traffic management. This overall objective responds to an operational and technical need in European drone operations for a tangible solution integrating the functionalities of the SESAR U-space services for Drone Traffic Management (DTM) to produce timely, efficient and safe decisions.The project intends to integrate in a consistent DCB solution the relevant demand and capacity influence factors (such as CNS performances availability), definitions (such as airspace structure), processes (such as separation management), and services (such as Strategic and Tactical Conflict Resolution). Therefore, to achieve the overall DACUS objective, five specific objectives are set:1. Develop a drone DCB process, from strategic to tactical phase, integrating uncertainty of planned operations and guided by the definition of a U-space performance scheme that include the development of metrics for airspace capacity appropriate for an environment with no human controller.2. Develop innovative services algorithms and enabling models and technologies as functional blocks of DCB process, able to support large number of simultaneous operations and to design and manage efficient and safe drone trajectories.3. Define a structure for Very Low Level (VLL) airspace and a set of airspace rules that optimises the trade-off between capacity and safety, including the definition of separation management process.4. Find the optimal balance between on-board separation intelligence and U-space separation service intelligence in tactical separation depending.5. Refine Communication, Navigation and Surveillance (CNS) requirements in support of tactical and procedural separation, with a focus on urban environment.",,
3,755610,AlForAMA,Innovative Al alloy For aircraft structural parts using Additive MAnufacturing technology,"The main goal of AlForAMA project is to develop an innovative High Strength Al alloy, feasible by powder metallurgy and suitable for Selective Laser Melting (SLM), with improved weldability and increased mechanical and corrosion resistance in comparison to cast grades Al alloys currently employed in Additive Manufacturing (AM).AlForAMA project is focused on powder bed based additive manufacturing (AM) of the innovative Al alloy. Selective Laser Melting (SLM), that utilizes a laser as a thermal energy source to melt the powder has been chosen as the preferred AM technology.Development of the innovative aluminium alloy specifically designed for SLM will be mainly focused on two different aspects: on one hand, on tailoring the chemical composition to improve processability and/or mechanical response of well-established commercial aluminium alloys and, on the other hand, on defining the specific P/M processing of the raw powder material.Raw materials for SLM, produced in a powder form, will be obtained by atomization process or, alternatively, by a mixing procedure of different starting powders.A suitable heat treatment will be defined for the developed innovative Al alloy after its SLM processing. To optimize thermal treatments AlForAMA project will consider the specific microstructural characteristics that SLM generates. SLM process development will be performed to ensure a defect free material manufacturing. A deep characterization of the new material will be carried out including mechanical, chemical and corrosion aspects. Afterwards the manufacturing process will be validated at component level.The AlForAMA project will be developed by a well-balanced consortium that brings together 3 partners: the technical institutes LORTEK and IMDEA (Spain) and the university KU LEUVEN (Belgium).",,
4,270584,ELTESTSYS,ELECTRICAL TEST BENCH DRIVE SYSTEMS: MECHANICAL INTERFACES,"The aim of this project is to design, manufacture, commissioning and validation of four complete and identical driving systems for a ground test bench intended to be used for aircraft starters/generators testing. The four driving systems will be integrated in one single product and will function simultaneously or not, independently and/or interdependently. Each system will drive one single generator or starter/generator and will be able to simulate electrical start of the aircraft engine, as well as electrical generation. Any two of the four drive systems will have the possibility to be synchronised in speed and position. The four drives will be locally or remote controlled and will be integrated with ancillaries available at the place of use. A complete measurement channel will deserve the entire test bench.In order to achieve a unitary test bench with low maintenance costs, we will implement innovative solutions based on the latest technologies in the fields of mechanical and electrical drives, mechanical transmissions, measurements. The proposed systems are complete and include four DC motors (with maxim power of 160 kW each) with associated electronics. This will completely fulfil the imposed condition of identical systems.Innovative aspects of the proposal are: mechanical transmissions with high efficiency by using recess gear system and polygonal shafts; bidirectional and birotational speed multiplier; non-contacting measuring of torques and speeds; use of specialized software for complete system configuration and management. The systems will be environmental friendly, will have low noise emission and will use a reduced amount of oil. The main characteristics and capabilities required by the CfP will be satisfied.",,
5,945529,GAM-2020-TE2,TA “Technology Evaluator” (GAM-2020-TE2),This Grant Agreement refers to TE activities in the period 2020 to mid 2024.,,
6,265695,AFDAR,Advanced Flow Diagnostics for Aeronautical Research,"The objective of AFDAR is to develop, assess and demonstrate new image-based experimental technologies for the analysis of aerodynamic systems and aerospace propulsion components. The main development focus is on new three-dimensional methods based on Particle Image Velocimetry (PIV) to measure the flow field around aircraft components, and on the high-speed version of the planar technique for the analysis in time-resolved regime of transient/unsteady aerodynamic problems. The progress beyond the state of the art with respect to current technologies is summarized by three aimed breakthroughs: 1) three-dimensional volumetric measurements over wings and airfoils; 2) time-resolved measurements and aerodynamic analysis several orders of magnitude faster than today; 3) turbulence characterization in aerodynamics wind-tunnels at resolution orders of magnitude higher than today by Long-Range Micro-PIV. The project ultimately aims to support the design of better aircraft and propulsion systems by enabling the designer to use experimental data during the development cycle of unprecedented completeness and quality. The work also covers the simultaneous application of PIV-based techniques and other methods to determine aeroacoustic noise emissions from airframe and to improve combustion processes to lower NOx, CO2 and soot emissions from engines.The consortium is led by a Dutch Technical University and lists 10 partners including a Russian research Institute and an Australian University. Three industries are involved in this work either as participant or contributing under subcontract and providing testing facilities.As final results of the project, a detailed analysis of the new measurement systems will be delivered and a number of demonstrations will be performed to validate the concepts in industrial environments. Special emphasis is given to the dissemination of results by meetings, publications and workshops.",,
7,323408,EPOCAL,EPOCAL: an Electrical POwer Center for Aeronautical Loads,"The main objective of the current proposal is the development of an Electrical Power Center (EPC) integrated with a devoted Control Console (CC), enhanced with advanced electrical power management strategies. The proposal is based on the following keypoints:1) an Electrical Power Center equipped with Solid State Power Controllers (SSPCs) for both energy management and protection functions will be implemented. Most recent technologies will be included in the power center, referring to the recent state-of-art, in order to guarantee compliance with selected aeronautical standards. The SSPC component will be ad-hoc designed for the implementation of both the power management strategies and protection functionalities.2) a firmware will be implemented for monitoring and supervision of the EPC, particularly referring to Electrical-Energy Management (E-EM) concept verification. The EPC will be equipped with a software able to perform several analysis, referring to preprocessing (i.e. configurations pretesting), (i.e. monitoring and energy management logics implementation) and postprocessing (i.e. plotting and comparison between measured and simulated quantities).The proposed Project follows a typical workflow based on requirements analysis, specs derivation, design phase, physical implementation, testing phase, results analysis versus simulations and final equipment validation.",,
8,891287,IMHOTEP,Integrated Multimodal Airport Operations for Efficient Passenger Flow Management,"The airport of the future is expected to become a multimodal connection platform, creating the conditions for travellers to reach their destination by the most efficient and sustainable combination of modes and allowing the airport and its surrounding region to make a better use of their resources. The goal of IMHOTEP is to develop a concept of operations and a set of data analysis methods, predictive models and decision support tools that allow information sharing, common situational awareness and real-time collaborative decision-making between airports and ground transport stakeholders. The specific objectives of the project are the following:1. Propose a concept of operations for the extension of airport collaborative decision-making to ground transport stakeholders, including local transport authorities, traffic agencies, transport operators and mobility service providers.2. Develop new data collection, analysis and fusion methods able to provide a comprehensive view of the door-to-door passenger trajectory through the coherent integration of different types of high resolution passenger movement data collected from personal mobile devices and digital sensors.3. Develop predictive models and decision support tools able to anticipate the evolution of an airport’s passenger flows within the day of operations and assess the operational impact on both airport processes and the ground transport system, with the aim of enabling real-time collaborative decision-making between airports and ground transport stakeholders and enhanced passenger information services.4. Validate the proposed concept and the newly developed methods and tools through a set of case studies conducted in direct collaboration with airports, local transport authorities and transport operators. The case studies will cover two airports with heterogeneous characteristics and serving different markets, namely the Palma de Mallorca and the London City airports.",,
9,267309,TILTOP,Efficient Shape Optimization of Intake and Exhaust of a Tiltrotor Nacelle,"The present proposal describes the methodology to be used for an efficient optimization of both the intake and exhaust geometry of a tiltrotor nacelle. Specific objectives of such activity are the following: i) to set up of a comprehensive and fully automatic optimal design tool, integrating the software in use at the GRC consortium and in-house optimizer already developed by the applicant; ii) to implement efficient and robust optimization strategies which help the obtainment of optimal geometry using reasonable computing time; iii) to implement, test and run such tool within the industrial design procedure currently available at the GRC consortium; iv) to apply such tool for the efficiency improvement of both the nacelle intake and the exhaust ducts in order to achieve a significant reduction in the nacelle installation losses.MethodologyObjectives i) and iii) will be achieved by means of a dedicated programming activity where the software tools will be interfaced together and with the proprietary optimization tool by the applicant. The result will be a procedure where meshing, geometrical/grid manipulation, as well as CFD analyses will form an automatic loop. Objective ii) will be guaranteed by the capability of the optimizer to efficiently handle complex multiobjective problems; the optimization chain will be conceived in such a way that the user can interact with the optimizer and monitor the whole process as it takes place. Objective iv) will be pursued by applying the optimization tool to review  the basic intake and exhaust design, with the aim of minimizing any detrimental effects on both drag and engine installation. Finally, the optimized geometry will be checked for compliance with feasibility constraints in order to accomplish industrial needs for prototyping and testing.",,
10,865416,AS-DISCO,AS-DISCO - Audio Suite for Disruptive Cockpit Demonstrator,"This proposal answer to the call proposal identified with the code JTI-CS2-2018-CfP09-LPA-03-17, which belongs to the European program Clean Sky 2. The proposal presents AS-DISCO project which main objective is to define and implement IMA concept for Audio Communications Manager.This project will consequently contribute to the innovative and disruptive new aircraft cockpit concepts validation on LPA-Platform 3, by building an application for the integrated demonstrator, where several avionics innovative functions, as well to modern interface technologies, are being developed. Therefore, AS-DISCO project attends to Clean Sky aim to reduce flight crew workload, improve pilot situational awareness, and support disruptive and innovative cockpit operations. To achieve the specific objective of this project that is in achieving TRL6 of the enabling software technology to meet the desired functionality during the integration on DISCO bench; AS-DISCO will consider Clean Sky targets such as integration within innovative multimodal Human Machine Interface (HMI), based upon visual, tactile, voice, … and innovative digital functions for audio management to deliver the necessary robustness, flexibility and versatility, and accommodate them for new generation of systems. AS-DISCO proposed by AERTEC, is a software solution built on several ARINC-653 compliant partitions and based on the Publish-Subscribe communication pattern for the data and network packets routing. The functionality provided by the proposed routing solution will be based on the usage of statically defined routing tables to define point-to-point or point-to-multipoint communications data path. The AERTEC development AS-DISCO will be integrated with Remote Systems, such as HMI, cabin systems, etc. With only the need to update the static routing tables, the associated IDL and the inclusion of the corresponding operating system drivers. Under the requirements and specifications stablished by the Topic Manager, AERTEC will be developed a serious of models to verify the correct behaviour and the system response to different scenarios using MBSE tools, firstly in TRL5 level. AERTEC will apply Test-Based-Model (TBM) and software-in-the-loop (SIL) methodology to the entire system. The modelling will also facilitate the development of “degraded mode identification”, “reconfiguration patterns” criteria and AFDX protocol. After a decision gate (if GO decision) the model will be updated to TRL6 requirements and specifications, and the activities to perform the full functionalities of the AS-DISCO. Verification and validation process will be performed also in Platform3 System demonstrator. Evidences and results will be collected in a report to evaluate the maturity of the AS-DISCO development at TRL6 level.",,
11,738028,BEATTI,BEaring Advanced Technologies for Turboprop engine Innovation,"Turboprop engine is the key to contribute to the EU competitiveness growth as well as to tackle the important commitment of sustainable and green transport (SAGE programme). This innovation will be clearly addressed also by the bearings that are directly involved in power efficiency and reliability, highly crucial for the engine development itself. BEATTI project proposes advanced bearings (in term of material and design) with improved dynamic and thermal behaviours and resistance to harsh environment, such as corrosion, particle pollution and poor lubrication condition.To propose the best solution, it is crucial to, firstly, build up failure modes database based on field return functional analysis and testing outputs, and secondly to monitor the bearing usage condition and failure mode with advanced monitoring solution both on engine demonstrator and bearing testing rigs. By knowing real conditions it is possible to propose real solutions. In addition BEATTI will focus on the time to market for the introduction of new material: the ratio “time/resources” of new material introduction will be optimised by focusing on the best TRL level testing.The BEATTI project is thus “the development of advanced bearing solutions, enablers for the next generation of Turboprop engines that will overcome current bearing performances. An innovative approach will be applied coupling a better knowledge of usage conditions & failure modes (using advanced monitoring tools) with specific experimental demonstrations of material and design choices.”",,
12,101140499,HEROPS,Hydrogen-Electric Zero Emission Propulsion System,"HEROPS aims to introduce climate-neutral propulsion into regional aircraft by developing MTU’s Flying Fuel Cell (FFC) propulsion system concept for entry into service in 2035. This disruptive hydrogen-electric propulsion system uses fuel cells as sole power source and a liquid hydrogen fuel system, without the need for high-power batteries. Integration of both the fuel cell system and the electric propulsion unit into a compact engine nacelle will ensure an efficient system at high power-to-weight ratio.  HEROPS targets to demonstrate a 1,2 MW propulsion system based on a scalable 600 kW core module at TRL4. The core module and all further sub-systems will be validated up to TRL5. Complemented by simulation and electrical network testing of the overall modularised system, scalability to the 2 – 4 MW power level will be confirmed. The certification programme will build upon on-going certification activities, enabling timely maturation of the aviation-native HEROPS technology against relevant certification requirements. The two-phase approach of the overall programme - including extensive development, test and validation cycles at each stage - is expected to advance the FFC concept to TRL6 for integration and demonstration on a regional aircraft by 2028. It will pave the way for commercial prototyping and entry-into-service by 2035, delivering a key propulsion technology to reach the European Green Deal’s objective of climate-neutral aviation by 2050 with 100% prevention of CO2 and NOx emissions and up to 80% reduction of the climate impact from contrails and contrail cirrus. The HEROPS project will meet this challenge with a European consortium of aircraft propulsion system integrators, electrical system experts, key tier 1 suppliers and leading researchers in stack technology, mechanics and propulsion, leveraging relevant and effective synergies between European and national programmes.",,
13,890378,USEPE,U-space Separation in Europe,"The U-space concept was the response of the Warsaw Declaration in 2017 to use drones as a leverage for jobs and new business opportunities. The U-space Blueprint published by the SESAR Joint Undertaking in 2017, states that “U-space is a set of new services and specific procedures designed to support safe, efficient and secure access to airspace for large numbers of drones”.The number of drones' applications is increasing and, with them, the number of drones that will be flying simultaneously in a same geographical area that will need to be safely separated between them and from manned aircraft to allow the maximum number of flights in a given airspace. The separation problem becomes even worst when flights take place in an urban environment where buildings and extreme turbulent wind shear appears close to them.USEPE is aware of these problems and will research on drones’ separation methods in high demanding environments such as cities. This research will be accompanied by a concept of operations that will be implemented and simulated for its validation. USEPE will also research on the use of machine learning algorithms to automate the safe separation and deconfliction of drones while maintaining airspace capacity in different environments and provide the U-space separation management system with artificial intelligence to comply with the statement made in the European ATM Masterplan Roadmap for the safe integration of drones into all classes of airspace. “[…]to take advantage of the latest developments related to technological areas, such as artificial intelligence […]”.In order to obtain valuable results, a casuistic of real urban scenarios will be defined and their feasibility will be assessed to select and implement the more suitable ones and perform a full validation by using the European Operational Concept Validation Methodology (E-OCVM).The research approach will take into account both the strategic and tactical flight phases.",,
14,604013,AFLONEXT,"""2nd Generation Active Wing“ –  Active Flow- Loads & Noise control on next generation wing""""",AFLoNext is a four year EC L2 project with the objective of proving and maturing highly promising flow control technologies for novel aircraft configurations to achieve a quantum leap in improving aircraft’s performance and thus reducing the environmental footprint. The project consortium is composed by forty European partners from fifteen countries. The work has been broken down into seven work packages. The AFLoNext concept is based on six Technology Streams:(1) Hybrid Laminar Flow technology applied on fin and wing for friction drag reduction.(2) Flow control technologies applied on outer wing for performance increase.(3) Technologies for local flow separation control applied in wing/pylon junction to improve the performance and loads situation mainly during take-off and landing.(4) Technologies to control the flow conditions on wing trailing edges thereby improving the performance and loads situation in the whole operational domain.(5) Technologies to mitigate airframe noise during landing generated on flap and undercarriage and through mutual interaction.(6) Technologies to mitigate/control vibrations in the undercarriage area during take-off and landing.AFLoNext aims to prove the engineering feasibility of the HLFC technology for drag reduction on fin in flight test and on wing by means of large scale testing as well as for vibrations mitigation technologies for reduced aircraft weight and for noise mitigation technologies.The peculiarity of the AFLoNext proposal in terms of holistic technical approach and efficient use of resources becomes obvious through the joint use of a flight test aircraft as common test platform for the above mentioned technologies.To improve aircraft performance locally applied active flow control technologies on wing and wing/pylon junction are qualified in wind tunnels or by means of lab-type demonstrators.,,
15,821375,PHP2,Pulsating Heat Pipes for Hybrid Propulsion systems,"As part of H2020 program, Clean Sky 2, the present topic is associated within WP1.6 “Demonstration of Radical Aircraft Configurations” and more specifically subWP1.6.2 “Hybrid Power Bench Development and Testing”. It aims at using Pulsating Heat Pipes (PHP) to exchange large amounts of energy for the cooling of different elements.The solution proposed here is to develop a very detailed 1D simulation code for the development of new PHP designs (task number 1), fabricate them with innovative manufacturing techniques and extensively test them experimentally (task number 2) as a “proof-of-concept” of this new disruptive cooling technology. Experimental data is used to validate the 1D code and develop a reduced model (task number 3) that can be run in a short time (< 1s) to choose/select the most appropriate one for the application at hand. This approach will make PHP commercially viable by cutting the time for their choice, sale and cost whilst eliminating all (or most) of the final testing by the end client.Technical challenges are numerous due to an incomplete understanding of PHP in the literature: the lack of good design theories and of viable, comprehensive simulation tools to describe the thermal/hydraulic performance of a PHP. Furthermore, PHP are a new disruptive cooling technology that need to gain their acceptance into engineering practice…hence the partners need to carefully and thoroughly develop a very convincing case for their acceptance.The present proposal, called P(HP)2 project, offers cooperation between JJ Cooling Innovation and Provides, leaders in modelling, design and fabrication of high-performance micro-two-phase cooling systems, and Altran, world-leader in Engineering Solutions and outsourced R&D, through their Expertise Centres “Fluids and Thermal Engineering” and “Scientific Computing Methods and Tools”.",,
16,945549,GAM-2020-ECO,Eco-Design Transverse Activity,"Integrating ecologic, economic and socio-economic effects, ecoDESIGN will strongly contribute to sustainability and future competitiveness of the European aviation industry according the European Eco innovation agenda. It covers the assessment of materials, processes and resources (MPR) employed along the entire aircraft life cycle. Based on the fundamental structure of eight Eco themes , ecoDESIGN enables an extended Life Cycle Analysis (LCA+), going far beyond aircraft operation.As a Transversal Activity in Clean Sky 2 ecoDESIGN concentrates on the development and integration of fundamental methodologies, tools and databases into a comprehensive platform and on the assessment and evaluation of innovative technology developments within the SPDs. Extending the coverage of the technology base for ecoDESIGN, validated LCI Data will be employed to derive Eco-Statements and to enable future standardized, consistent and comparable analysis with regard to Design for Environment (DfE) Approaches as of 2020. In parallel, ecoDESIGN will monitor the socio economic development of the European aviation industry in Clean Sky 2 by means of socio-economic derivative.",,
17,285842,HIPE AE 440,Diesel Powerpack for a Light Helicopter Demonstrator,"Within the last years the pressure of the European society to improve the environmental performance of aviation has grown significantly. Different approaches have been made to address this problem in a proper manner and especially within the Clean Sky program different projects are planned, which yield in a significant reduction of fuel consumption and CO2 emissions.Up to now for aviation engines the main technology is based on turbine engine technology. Such turbine engines are light and have a very high power to weight ratio. Unfortunately these engines have high fuel consumption and consequently tremendous high CO2 emissions. Therefore this call asks for a possbile solution using a reciprocating Diesel engine. Whereas these engines are already successful in market in the general aviation fixed wing application this technology has not found the way into the helicopters up to now. The reason can be found by two major items, first the already known reciprocating Diesel aviation engines have not more than 200 kW and second these engines have a power to weight ratio which is far below the existing heilcopter engines.Both problems are adressed in the presented proposal. The proposal presents an engine which fits perfectly into the power to weight requirement of a helicopter. Within this engine the advantages of high end race technology is combined with the safety needs of aviation engines. Beyond this it is shown that the presented engine technology has the necessary growth protential for future applications.All together it is shown that the proposed solution presents the achievable optimum under consideration of all constraints required within the Call for Proposal. Furthermore it is obvious that with the presented solution a big step will be done in direction to green technology in the aviation world and moreover the European position in manufacturing and rulemaking would be strengthened in a significant way as well as demonstrating it in flight to the public.",,
18,821233,RIB-AM,Research of Innovative and Breakthrough Additive Manufactured leading-edge concept,"RIB-AM project will contribute to the CleanSky 2 objectives with the development of novel manufacturing technologies applied large size components belonging to the primary structure of aircrafts. Within this set of manufacturing techniques stand out the Automatic Fibre Placement (AFP) using thermoplastic resins, the innovative additive manufacturing process with short-fibre reinforce thermoplastic materials or the new methodology for components joining based on inductive welding technology.",,
19,314061,STARGATE,Sensors Towards Advanced Monitoring and Control of Gas Turbine Engines,"The headline objective of this project is to develop a suite of advanced sensors, instrumentation and related systems in order to contribute to the development of the next generation of green and efficient gas turbine engines (AAT.2012.1.1-3&4).Sensors are a vital enabling technology for gas turbines and are critical to validation of design tools, new products, engine control, and health monitoring. The limitations of sensors in terms of survival temperature, accuracy, stability, and degradation limit where measurements are made during development and the operating ceiling of the gas turbine. Engines are run with safety margin in order to safeguard components against mechanical failure. Consequently, they are not run at their most optimal, which impacts overall efficiency. For example, a 10C uncertainty on turbine entry temperature changes the specific fuel consumption by 0.2%. Also a 0.2mm change in turbine tip clearance changes the specific fuel consumption by 0.4%. It is believed that with better sensing techniques, in excess of 500,000 tonnes of kerosene could be saved per annum, which equates to a CO2 saving of over 1.5 millions tonnes. Despite some successes in recent research, it has become clear that the capability gaps are not closing quickly enough. Further research in to sensors and instrumentation is, therefore, absolutely essential if the capability gaps are to be filled at an adequate rate.The STARGATE project intends to target these critical gaps and create the biggest impact possible within the constraints of the Call budget. The project will develop a range of advanced new sensors for high temperature gas path, surface, and structural measurements. The project also contains some detailed studies on wireless sensing. The sensors will be validated using both laboratory and rig trials to define their performance against specific targets. The project is being lead by Meggitt UK and includes 5 of the EU’s foremost gas turbine manufacturers.",,
20,620120,AFOOT,Advanced FOrging of an Optimized Turbine casing,"The objective of this project is to determine and validate a robust set of forging and heat treatment parameters leading to the forging of a fan case for a geared turbofan demonstrator as part of the Sustainable and Green Engine (SAGE) platform by making the microstructure of ATI 718Plus stable against overaging effects occurring during long-term exposure at 700°C.This project represents the collaborative effort of an experienced company specialised in forging and ring-rolling of superalloys and a technological research centre with great competence in thermo-mechanical processes analysis and modelling.Development of an advanced predictive simulation modelling tool is a pre-requisite for the success of the project along with a thorough laboratory measurements campaign that will be performed to test the original material as well as the material overaged in conditions similar to those it should work at.The final outcome of the project will be the production of three fan cases whose design will be agreed upon with the topic manager, one of these cases will be cut up and properly examined in the lab while the other two will be delivered to the Topic Manager.",,
21,101255065,LEIA,Large scalE Integration demonstrator of hybrid electrical Architecture,"LEIA (Large scalE Integration demonstrator of hybrid electrical Architecture) is fundamental in the context of Clean Aviation's strategic goals to reduce greenhouse-gases emissions and advance green aviation technologies. This challenge is often associated with propulsion technologies or disruptive wing configurations, but it is not limited to that, and both pathways are enabled by novel system technologies and architectures.LEIA is essential for preparing the future short-medium-range aircraft more/hybrid electric non-propulsive energy architecture. It aims at designing and integrating non-propulsive electrical systems to enable an increased engine off-take efficiency together with a more flexible energy management, while minimizing the overall system sizing.To enable the integration of a high-performance, certifiable, and scalable non-propulsive energy system contributing to Clean Aviation’s sustainability and performance targets, the project will:- select and validate a future-focused more electric/hybrid electric non-propulsive energy architecture,- define comprehensive functional and interface specifications,- develop advanced energy and thermal management strategies,- establish a clear integration strategy,- demonstrate TRL5 for an integrated energy provision system level,- provide a roadmap towards TRL6 for the end-to-end electrical system architecture,- prepare a certification and industrialization roadmap,- advance certification readiness of critical technologies by achieving CRL4 and identifying a pathway to CRL6.A key project objective is to demonstrate, by a successful TRL5 review in 2027, non-propulsive energy architecture for a short-medium-range more/hybrid electric aircraft concept, including the system's integration into the broader aircraft architecture. LEIA is therefore a core enabler to deliver at TRL5 and CRL4 a consistent package of key technologies for a next generation more environmentally-friendly aircraft.",,
22,821079,E-BRAKE,"Design, Manufacturing and Qualification up to TRL5 of Innovative Electro-Mechanical BRAKE actuation System for SAT Application","The E-BRAKE project is aimed at developing, manufacturing, testing, and qualifying an Innovative Electro-Mechanical Braking actuation System for SAT Application, performing at the same time studies on electromechanical actuator, command logic including diagnostic and prognostic capabilities and system integration and validation of novel electro-mechanical brake actuation system into a relevant landing gear system.The first step will consist in a specification review, a preliminary system design activity and a technological innovation assessment, with the final aim to integrate and harmonize the concept to be developed and the effective proposed innovations. Health monitoring and prognostic algorithm as well as innovative antiskid algorithms modelling, simulation and performance analysis will be carried out in order to develop a new worldwide state of art electro-mechanical brake actuation system for small aircraft application. The electro actuated brake system (ebrake) will be a further development of already flying solutions, designed, produced, certified by an E-BRAKE partner according to Airworthiness Requirements.System design outcomes will be used to drive the following detail design phase. The E-BRAKE consortium will proceed with all the design and analysis activities, minimizing all the system weight, improving safety, power consumption, affordability and using technological and manufacturing efficiency criteria to fully compliant with the approval plan.An effective configuration & weight management will assure the fulfilment of all functional and mass budget requirements. Software validation, production, assembly and integration drawings, as well as bills of materials and suitable interface control documents will be integral part of the output provided by the design work package.The E-BRAKE project will deliver the prototype(s) fully compliant with the topic requirements.The novel equipment (ebrake) will also be integrated in a reference SAT L/G.",,
23,101102020,AMBER,InnovAtive DeMonstrator for hyBrid-Electric Regional Application,"Climate change poses an unprecedented challenge on today’s society. Numerous studies highlight the urgent need to decarbonize global industry and to drastically reduce pollutant emissions across all sectors, including aviation. Although, the global environmental impact of aviation is mostly driven by small-medium range market aircraft due to the large volume of operations, the development of disruptive technologies for the power demands such applications require cannot be put in place until progressive maturation of novel enabling technologies has been achieved at lower scale or sizes. The transformation of regional aviation, i.e., aircraft serving distances of 500 to 1000 km at a capacity of up to 100 seats, will thus lead the way towards sustainability and will be of particular importance. Both battery and liquid hydrogen powered fuel cell technology will not be sufficiently matured to allow the realization of a fully electric regional aircraft within the next decade. Instead, an intermediate step will be required to significantly reduce GHG emissions already by 2035. The development of a hybrid-electric propulsion system for regional aircraft with at least 50% hybridization represents this very challenging, yet achievable intermediate step and can allow for a mission fuel burn reduction by at least 30% compared to 2020 state-of-the-art regional aircraft. A thermal engine that allows for usage of 100% sustainable aviation fuel, will allow to reduce lifecycle GHG emissions by 90% and thus close to zero. The proposed project AMBER (innovAtive deMonstrator for hyBrid-Electric Regional application) addresses this aspect and pursues the maturation of hybrid-electric key components and the validation of a product-representative parallel hybrid-electric propulsion system architecture, fuel cell based, for next-generation regional aircraft with EIS by 2035 to meet the ambitious environmental goals set out in SRIA and the Clean Aviation topic call.",,
24,307869,ELWIPS,Electro-thermal Laminar Wing Ice Protection System Demonstrator,"This proposal regards designing, building and testing a functional prototype of part of a laminar wing fitted with electro-thermal ice protection (ETIPS) for a business jet.  The aim is to show innovation in the use of composite materials for the fixed leading edge, (e.g. Fibre/Metal Laminates), which are thermally efficient, can be manufactured to tight laminar wing tolerances and comparable to aluminium for weight & cost.  Furthermore, the structure will be evaluated for its basic damage resistance properties and ease of repair.The ETIPS aspects will be innovative through a focus on minimising power consumption, using sensors to allow power demand management and thereby achieve a Smart ETIPS.  Different types of heater elements will be tested in a range of configurations to optimise ice protection coverage and power consumption.  Trials will also be conducted to minimise the weight of the ETIPS heater elements, controllers and wiring.Several structural and layout trade-off studies will be conducted and the final solution tested in an icing wind tunnel.",,
25,285050,WEZARD,Weather hazards for aeronautics,"On April 14th, 2010, the eruption of the Eyjafjallajökull volcano and the accompanying cloud of volcanic ash forced most countries in northern Europe to shut their airspace, grounding more than 100,000 flights, affected an estimated 10 million travellers and had a financial impact of 5 bn US$ over a seven day period.  This event revealed to what extent our society and economy rely on the availability of a safe and efficient air transport system and how fragile it remains when faced with the complexity of atmospheric conditions. WEZARD aims to support and contribute to the preparation of future community research in air transport system robustness when faced with weather hazards. It will focus on hazards which can be spread over large areas such as volcanic ash clouds or severe atmospheric conditions including icing. The WEZARD consortium will 1/ take stock of the current knowledge of weather hazards affecting airframes, engines and systems and identify the needed technology and capability developments pathways, 2/ compile knowledge on the collection, processing and communication of meteorological data and investigate what research is needed on observation, forecasting tools, data assimilation and broadcasting, 3/ investigate the existing and needed safety standards and procedures, 4/ model  the capacity of the scientific community to better understand, observe and simulate hazardous particles. These activities will result in a R&D roadmap identifying research gaps and priorities and providing recommendations to the main stakeholders of the aeronautical community. The WEZARD consortium will consist of 3 airframers, 2 engine manufacturers, 1 system supplier, 1 network of meteorological offices, 4 research centres,  1 provider of test facilities and 1 civil aviation authority over 2 years.  An Advisory Board gathering a panel of international experts in relevant domains will be set up to provide advice on the vision, priorities and directions proposed by the project.",,
26,278366,CASE,Fuel Control System Sensors and Effectors,"This abstract highlights the approach taken to meeting the technical requirements of the call, the partnership with two SMEs, the European dimension of the proposal, and the inclusion of universities and specialist sub-contractors.AEC has identified specific technologies (eddy current and ultrasonic acoustic sensors, and piezoelectric actuators) as having significant potential for new forms of implementation in engine controls.  AEC will extend this process of engagement with specialists to ensure state of the art technology is available for aerospace controls.Specifically within this programme:- AEC will develop new means of interaction between the metering system and the sensors and actuators- Micro-Epsilon Messtechnik, a German SME, will develop an eddy current sensor system for continuous monitoring and proximity sensing- Oxford Radio Frequency Sensors, an SME closely linked to Oxford University Clarendon Laboratory, will develop piezoelectric acoustic mass flow measurement developed from recent advances in medical physics- AEC will pull through work already committed with Newcastle University to develop piezoelectric acoustic position sensing, also drawing on research work underway with Leeds University.  Some of this design and manufacturing work will probably be sub-contracted to a Danish specialist company, Noliac- AEC will also pull through work already underway with Bath University to develop a new generation of piezoelectric actuators with the potential to actuate both direct drive and servo-system control of aerospace fuel systems- AEC will carry out whole system environmental testing on in house test facilities normally used for the development and qualification of civil and military fuel control systems for production applicationAll these systems will be compact, robust, reliable, and precise by virtue of the base technologies that are being applied, and also due to the design capability within AEC to design fit for purpose aerospace controls.",,
27,864726,TRAIL,"Design, manufacture and deliver a high performance, low cost, low weight Nacelle Structure for Next Generation Tilt-Rotor (NGCTR)","The aim of the Clean Sky 2 topic JTI-CS2-2018-CFP09-FRC-01-26 “Design, manufacture and deliver a high performance, low cost, low weight Nacelle Structure for Next Generation TiltRotor (NGCTR) - Technology Demonstrator (TD)” is to develop innovative: lightweight materials, architecture, technologies, fire resistant materials, control of structural borne vibration to be applied on the Nacelle of the NGCTR under supervision of Leonardo Helicopters Division. TRAIL Consortium shall meet the target by introducing advanced composite materials and designing highly integrated monocoque structure of the Nacelle with use of OoA (Out of Autoclave) and VARTM (Vacuum Assisted Resin Transfer Method) manufacturing techniques. In the frame of the project lightweight hybrid firewalls (composite with elastomeric coating) shall be investigated to produce lighter structure. The project will also deal with novel means to damp structure borne vibration and noise through application of viscoelastic materials into the NGCTR TD Engine Nacelle design.The realization of the project shall lead to significant weight of the structure and number of parts reduction. It shall also show that decreasing manufacturing costs and time is possible and lead to introduction of technologies which shall reduce environmental impact of air transport and aviation industry.",,
28,783178,DIGITS-AU,Demonstration of ATM Improvements Generated by Initial Trajectory Sharing - Airspace User Part,"*  DIGITS-AU is the essential Airspace User complement to the DIGITS project (Demonstration of ATM Improvements Generated by Initial Trajectory Sharing). DIGITS was granted under H2020-SESAR-2015-2, SESAR.ID-VLD.Wave1-27-2015, and its continuation is dependent on the participation of Airspace Users (AU).*  As required, DIGITS-AU brings together Airspace Users- who operate (even partially) in the airspace of ANSPs participating to DIGITS, namely DFS, ENAV, MUAC and NATS and - who will receive through this Call new onboard avionics capability which allows to downlink trajectory predictions, the so-called Extended Projected Profile (EPP), for sharing with Air Traffic Control.*  This proposal addresses also the interface with other SESAR 2020 projects, by nature with PJ31 DIGITS, but also with PJs 01, 09, 10 and 18 in order to contribute to the identification of benefit potentials facilitated by this new airborne technology. The capture of real fuel burn reduction for DIGITS-AU flights is not possible due to the fact that ground ATC systems are used in an pre-operational or shadow mode, based on which air traffic controllers may not alter their instructions. Nevertheless """"what-if"""" cases shall be identified as far as observations possibly allow and the theoretical fuel burn gain calculated.""""",,
29,641553,HITECA,technology development and fabrication of HIgh TEmperature high frequency CApacitors for power switch integration,"Automotive, aerospace, and energy production industries can greatly benefit from the development of semiconductor based electronics operating at temperature higher than 150 °C.  Wide bandgap semiconductors like SiC and GaN are key enablers as these allow electronics to function at much higher temperatures than silicon. Consequently devices made from these materials can handle more current and thus power compared to Si based ones. However, increasing operating temperatures compromise the performance and reliability of other components in the power electronic system, including capacitors and inductors, interconnects and packaging, and therefore  complex cooling systems are required which adds complexity and volume to the device design.This proposal directly addresses the specific technological challenges of the Call JTI-CS-2013-03-SGO-02-087 entitled “Technology development and fabrication of high-temperature high-frequency capacitors for power switch integration”, in which a thorough programme of work is proposed to develop optimized ceramic formulation and fabrication to provide highly reliable multilayer ceramic capacitors for high-temperature high-frequency capacitors for power switch integration.The 24 month project will use as its base a new high-K ceramic material (SBFT - Strontium-Bismuth-Ferrum-Titanate) which extends power electronics operating temperature up to 200 C. The SBFT ceramic capacitor is characterized by a low thermal coefficient of capacitance (TCC) of less than 25% up to 200 C. The project will focus firstly on the production of samples with a variety of chemical modifications being performed, subsequently fabrication of MLCCs using non optimised, and optimised materials will be performed and samples delivered to the topic group leader for qualification.",,
30,101166886,DIALOG,"Deciphering Intents of Air traffic controllers,  workLOad assessment and Gaze analysis to enable their efficient and trustworthy collaboration with AI","The DIALOG project aims to improve collaboration between air traffic controllers (ATCOs) and artificial intelligence (AI) systems in air traffic management. It addresses a very ambitious goal of enabling AI members of human-AI teams to anticipate when and what kind of assistance their human teammates need and to respond on that. DIALOG will develop an AI-based digital assistant called Teamwork Assistant that uses speech recognition and understanding of pilot-controller exchanges to infer ATCOs' intent and goals. It also utilizes machine learning-based methods to assess ATCOs' workload and attention in real-time based on voice, physiology, and behavioral data. The actions of the digital assistant are determined based on the ATCOs' current state, attention allocation, traffic situation, and general context. The project will develop prototypes and conduct validation exercises in close collaboration with end-users to assess the performance and usability of the proposed solutions.",,
31,326000,CLEANLE2,Demonstration of  a Decontamination Device Protoype for buisness jets and  Experimental Validation,"This project is to validate a cleaning device capable of clearing out small debris from the leading edges of business jets or airliners, to keep the flow as laminar as possible on the leading edge of the wing. The cleaning concept will be compatible with the surface treatment of the leading edge of commercial aircrafts. Typically this concerns the contamination of leading edges by insect impact.  At first, the system will be designed and a prototype manufactured. In parallel, aerodynamic and stress models will be studied. Then ground experiments including tests in a wind tunnel will be performed, in view of prototype validation.The prototype will be subsequently modified and validated. Conclusions will help for the industrialisation of the cleaning system.The consortium will be led by EPFL, who co-ordinated a preliminary project on  the design of such cleaning devices in the CleanSky call 3  CLEANLE, with several partners for manufacturing, consulting, experiment running and analysis, including a design office SME, and university windtunnel experts.  The project will lead to a test prototype.The present project will push the concepts, that have attained a Research Technology Readiness Level, TRL near to TRL3 (research to prove feasibility), to evolve on the system/subsystem model and prototype demonstrator of a technology demonstration of TRL 6.""""",,
32,807085,ENG GAM 2018,Engine ITD - GAM 2018,"Engines ITD will work towards radical engine architectures and new engine technologies to power the aircraft of the future. The objective is to increase fuel and energy efficiency of the engine and reduce environmental impact, regardless of whether the engine is powering a large airliner or just a small utility aircraft, meaning more thrust while burning less fuel and emitting less CO2, NOx and noise.",,
33,717064,BRIDAS,Brillouin Distributed sensor for Aeronautical Structures,"The proposal is addressed to the development of a prototype for distributed strain measurements in optical fibers for industrial aeronautical contexts: composite manufacturing plants, structural test platforms and airborne conditions. The prototype will be based on stimulated Brillouin scattering (SBS), and will be aimed to the structural health monitoring of composite parts employed in the aeronautical industry. The developed prototype will have performance significantly superior to those offered by commercial SBS-based interrogation units. In particular, the prototype will have the following characteristics: (a) A spatial resolution of 5 mm; (b) A measurement range of 150 m; (c) A total weight less than 4.75 kg; (d) A specific software for each monitoring scenario, providing all relevant data in an effective and accessible way.The developed sensor will implement a Brillouin Optical Frequency-Domain Analysis (BOFDA) configuration, characterized by the fact that measurements are carried out in the frequency domain  The prototype will be assembled with Original Equipment Manufacturer (OEM) components, selected in order to minimize size and weight, in particular by making use of a vector network analyzer (VNA) operating up to 20 GHz. The prototype will be employed in the evaluation of quality and structural health of composite parts for the aeronautical industry, such as complete fuselage, wings, vertical or horizontal tail plane of passenger commercial aircrafts. By measuring the strain along optical fibers embedded into composite parts during their manufacture, damage detection will be possible both in the manufacturing stage and during service life. The developed system will be integrated into one typical industrial application that will be selected with the Topic Manager. At the end of the project, the delivered prototype will be validated based on the research context.",,
34,999905,TE,JTI-Clean Sky 1-Technology Evaluator,"TE: Clean Sky was launched with the goal to bring technology to maturity that could, as a set of solutions, deliver a substantial majority of the ACARE targets for the Environment. These ACARE goals (based on the VISION 2020 paper issued in Year 2000), concern aircraft technologies which are assumed to be available by 2020 for absorption into future product developments. - CO2 emissions reduced by 50% compared to similar and relevant 'Year 2000 air vehicles' - NOX emissions reduced by 80% A halving of perceived noise compared to 2000 level performance (-10dB) - Minimized life cycle impact of aircraft on the environment From the very beginning it was recognized that for successfully monitoring the progress towards the ACARE goals, a transversal evaluation platform in the Clean Sky Programme would be required. The Technology Evaluator was born from this need, and its organisation reflects the interest to pool know-how and simulation/modelling capability that exist across industry, research establishments and academia. Clean Sky, complementing the previous projects and the running activities in FP6-FP7, is a main contributor to the ACARE 2020 targets, with the ambition to push technology maturation up to demonstration level (TRL 6). The internal targets were defined based on the best estimation and forecast of the different stakeholders of the JU, on the most promising technologies to be investigated and matured the appropriate level for exploitation in a future product. Aiming at the global Air Transport System, the aviation market segments were considered for consistent contributions: commercial aircraft in the long range, the short/medium range, the regional (both jet and turboprop separately the rotorcraft sector and the business jets.",,
35,821300,HAIRMATE,Hybrid AIRcraft seating MAnufacturing & TEsting,"HAIRMATE project aims to design and manufacture moulds for manufacturing and testing the next generation aircraft seating obtained in the HAIRD project. Within the HAIRD project a new seating with reduction of Deep Vein Thrombosis (DVT) risk, multi-functionality and simple surfaces for composite manufacturing was designed. The moulds to manufacture the structural parts and the cushion will be manufactured. These moulds will be designed in detail taking into account the composite manufacturing techniques of Sheet Moulding Compound (SMC), Wet Compression Moulding (WCM) and Prepreg Compression Moulding (PCM) comoulded with SMC. If it is needed, the HAIRD seating design will be slightly redesigned to fulfil all the requirements of the moulds. A Life Cycle Assessment (LCA) data collection of materials and processes will be carried out. These data will be used to do an assessment of seating life-cycle to guarantee the new design and manufacturing improvements in terms of sustainability. Moreover, different tests will be performed to define the mechanical and fire safety properties of the materials developed by the Topic Manager (TM) for the manufacturing of the seating. Finally, a full-scale seating will be tested to analyse the structural reliability and to approximate the HAIRD seating design to the industry and thus to the market. Once again, some design and structural calculus loops will be carried out to improve the seating.",,
36,101102003,H2ELIOS,HydrogEn Lightweight & Innovative tank for zerO-emisSion aircraft,"To enable a technologically and economically feasible H2-powered aviation, new integral LH2 tank solutions are required that could serve as part of the airframe main structure and capable of withstanding its respective loads. The H2ELIOS project will develop an innovative and effective lightweight LH2 storage system for aircraft. It will be implemented as demonstrators in two fuselage-like cylinder section with approximately 1.9 m of external diameter and approximately 2.3 m of external length. These demonstrators would be duly supported by component and subsystem ground tests at appropriate scale at project completion (TRL 5 at storage level). The aim is that the concept is ready to be embedded and integrated in a specified aircraft architecture for flight demonstration in later stages. H2ELIOS will provide a feasible and novel low-pressure double-layer composite tank-based system, enabling the tank shape to be either conformal or non-conformal to the profile of the aircraft. Its general effectiveness will be assessed in terms of high GI performance and easiness of integration within the aircraft structure.This concept will be supported by latest evolutions of innovative methods and technologies in terms of multidisciplinary design development, manufacturing processes and means of compliance and shall be demonstrated in operational conditions: first on ground up to TRL5 and then in flight by the end of Clean Aviation Phase 2 clearing a TRL6 maturation gate. Finally, delivery to the market is expected in the 2030-2035 period. In this way this project shall contribute to accomplish the objectives of the European Green Deal regarding decarbonization of the aviation industry.The activities of H2ELIOS will be supported by explicit agreed support of EASA and an External Advisory Board comprising commercial aircraft OEMs, H2 management and cryogenics experts, MRO services, airlines, aircraft system integrators, materials developers and suppliers and airports operation",,
37,865118,GLIMPSE2050,Global Impact Assessment of Regulations and Policies for Sustainable Aviation by 2050,"Cross-positioned in Clean Sky 2 and part of Clean Sky 2 TE, GLIMPSE2050 quantifies the environmental impact at air transport system level up to 2050 of regulations and policies that are currently discussed and potentially introduced until 2040. This impact includes noise and emissions. From this quantification, GLIMPSE2050 provides recommendations to target stakeholders.Through its quantification, GLIMPSE2050 helps to understand which environmental benefits can be achieved in addition to those brought by Clean Sky 2 technologies. This understanding subsequently helps to evaluate to which extent technology diffusion in aviation can reach the ACARE Flightpath 2050 environmental goals.GLIMPSE2050’s concept is twofold: first it sets the assessment scope by a systematic selection of regulations and policies and of target stakeholders; then it sets the quantification process, building on proven and successfully applied approaches. For every year 2020/2025/2030/2035/2040/2045/2050, this process compares the environmental performance of two scenarios: one is a projection of the air transport system in that year based on autonomous economic, demographical and technological developments but without the regulations and policies; the other is a projection of the air transport system in the same year, but with the regulations and policies introduced. In these scenarios, Clean Sky 2 technologies are considered an autonomous technological development.GLIMPSE2050 expects to impact Clean Sky 2 TE (by complementing the other assessments), Clean Sky 2 JU and Clean Sky 2 Members (by monitoring Clean Sky 2 achievements in a broader perspective), EC and EU Member States (by assessing the level of success towards the ACARE Flightpath 2050 goals), aviation sector (by providing capabilities to assess effects on business development), research community (by indicating opportunities for further research), and society (by displaying effort and progress in sustainable aviation).",,
38,820997,ANACO,Advance Nacelle Aerodynamic Optimisation,"ANACO will facilitate the multi-objective optimisation of short and slim nacelle design for the next generation of ultra-high bypass ratio (UHBPR) aero engines. UHBPR engine architectures offer increased propulsive efficiency through operation at reduced specific thrust, enabled by increased engine diameter. This poses special challenges, both in terms of the aerodynamic drag of the isolated nacelle and the potential for interference effects which may be imposed by a close-coupled installation on the aircraft wing.ANACO will initially generate a population of short and slim nacelle designs which seek to minimise overall mission, rather than single design point, drag. These designs will be optimised using the latest numerical methods prior to down-select for isolated, high speed wind tunnel test enabling validation of the design tools applied. As part of this testing, experimental data quality will be improved by the enhancement of existing, and the development and application of novel, measurement techniques. The feasibility of simulating the installed wing pressure field during wind tunnel test will be assessed. The success of the optimised, down-selected geometries will also be investigated by simulation in an installed situation enabling both the overall performance improvements of the integrated wing and nacelle and the individual contributions to be understood. Finally, ANACO will deliver design rules and guidelines for future application in the design of novel, short and slim nacelles.",,
39,101007712,H2Free,Investigation and modelling of Hydrogen effusion in electrochemically plated ultra-high-strength-steels used for landing gear structures,"One drawback associated to Ultra High Strength Steels (UHSS) coated components is the risk of hydrogen embrittlement (HE) and delayed hydrogen fracture of the part. This problem has been tackled by developing LHE (Low HE) processes and by applying a degassing stage. The standard degassing process is applied equally to the components regardless UHSS or coating composition/morphology. However, it is known that the nature and structure of both the base material and the coating have a great influence in the hydrogen intake and degassing efficiency. Thus, there is much room for improvement if a better understanding of the underlying phenomena of electrochemically deposited corrosion protection layers of UHSS parts on hydrogen degassing is achieved.As there are no experimental techniques to measure hydrogen content or HE in a specific part of a real component at an industrial environment, modelling and simulation approaches, developed with a strong experimental base, are expected to provide the keys to process improvement.The main objective of the H2Free project is to develop a practical guideline for hydrogen degassing of UHS-steels plated with LHE-Zn-Ni, with the aim of saving production costs and allowing Zn-Ni to overtake Cd coatings. The guideline will contain simple rules/formulas to provide criteria to design the degassing process, based on experimental data and on modelling to predict the hydrogen effusion in coated UHSS, the remaining hydrogen concentration  in the components and so the probability of hydrogen embrittlement. With its digital approach, H2Free will accelerate materials modelling uptake into European industrial decision making and link all partners to central European materials modelling platforms and activities.The project brings together a strong consortium composed of 4 outstanding research centres and 2 SMEs with complementary profiles and large expertise, covering the special skills, capabilities and certification expected for the project.",,
40,785539,CIDAR,Combustion species Imaging Diagnostics for Aero-engine Research,"The CIDAR project is the result of a Consortium formed by Academic Parties (Manchester, Strathclyde and Edinburgh Universities), a Research and Development Organization (INTA) and private companies (DAS and OptoSci). Therefore, CIDAR builds upon the expertise of the UK's and Spain’s world-leading groups in fibre-lasers, laser based gas and particulate detection, opto-electronics, and chemical species tomography (CST), allied to its industrial strengths in aero-engine manufacture and aviation fuel technology.The CIDAR project aims to establish a world-leading capability in the non-intrusive measurement and 2D imaging of nvPM/soot and CO2 concentrations in aero-engine exhaust. Non-intrusive planar tomographic measurement of CO2 will be based on calibration-free Fibre-Laser Absorption Spectroscopy and soot measurements will be based on laser-induced incandescence (LII).Validation of both imaging technologies will be carried out at the INTA Turbojet Test Centre using large civil turbofan engines, providing data analysis and measurement uncertainty of the current state of the art measurement systems.The measurement system will then be developed to a maturity level of TRL6 with a clearly identified route to commercialisation.",,
41,632456,WITTINESS,WindTunnel Tests on an Innovative regional A/C for Noise assessment,"WITTINESS adresses the acoustic measurement campaign of previously (in a different CfP) designed WT-model, equipped with engine-demonstrators. In order to tackle this project a consortium including a company experienced in design, structural mechanics and aerodynamics, a SME, a manufacturer and a university with a strong focus on acoustic measurements propose an approach to use the previously designed model, introduce necessary design changes, perform the necessary tests and postprocess the results in terms of acoustic behaviour.The consortium is build up as follows:- IBK is a small company coordinating the project and performing design work in the project. IBK is also leading the consortium building the WT in the previous project ESICAPIA.- REVOIND is a small italian company specialised in manufacturing complex parts. Revoind´s main task in this project is to manufacture the model.- University of Rome, Prof. Camussi, bringt acoustic knowledge into the consortium, which is needed for preparing the acoustic tests and post-processing of the acoustic tests.The project consists of three technical work-packages plus one management work-package. The three technical WPs tackle planning and realisation of possible design-changes, dynamic characterization and experimental tests (including post-processing). A cruicial point for the quality of the results is the choice of the wind-tunnel. Possible wind-tunnels in europe have been reviewed by the consortium and the two possible solutions for this model (DNW and RUAG) have been asked for quotes. Although the previous model is build for an aerodynamical measurement campaign in one of these tunnels in general a test in either of them is feasible. There are pros and cons for each solution, finalising the choise of the wind-tunnel is therefore the first point to tackle in the project.",,
42,785520,NATHENA,New Additive manufacTuring Heat ExchaNger for Aeronautic,"New Additive manufacTuring Heat ExchaNger for AeronauticToday’s technologies and processes dedicated to the exchangers manufacturing hamper progress on higher performances (mechanical assies of repetitive and regular unitary components like folded sheet metal and/or tubing mostly welded).Traditional manufacturing entails limit for the customization of the inner structure, which have a direct impact on the thermal behavior of the exchanger core.Design and manufacture a complex core structure accordingly and well adapted to the inner thermal phenomenon seems to be a promising way to increase performances.Accordingly, NATHENA project aims at developing new complex inner structures for heat exchangers.NATHENA project will focus on the design development of a complex compact heat exchanger that best addresses thermal performance, made by additive manufacturing.These new compact air-air heat exchangers developed in NATHENA project will provide an efficient thermal management system dedicated to hybrid propulsion system.Two types of material will be studied regarding heat exchanger use: Aluminium for low temperature range and Inconel for high temperature range.The set objectives (see targets below) will be reached using calculation and multi-physical simulation (thermo-mechanical-fluidic) applied to evolutionary latticed and thin-walled structures combined optionally with fins to form a matrix of complex structures.Predictive models and/or laws will be developed for pressure and temperature drop.Topological and parametric optimization will be carried out in an iterative way towards the most efficient model.Through sample tests and final element method, calculation correlations will be carried out to ensure the relevance and validity of the basic structural choices as well as their combinations.Targets:Delta temperature: 200°C to 400°CFlow: 0.01kg/s to 2kg/sPower: 0.5 to 500kWReynolds number: 400 to 10000Pressure drop: 100mBar maxSize: up to 500x300x300mm",,
43,831815,ACCENTO,ACCENTO (Active Clearence Contol dEsigN and characTerizatiOn). Advanced investigations on different Low Pressure Turbine Active Clearance Control (LPTACC) system by means of CFD and experiments.,"This proposal refers to the Clean Sky 2 topic JTI-CS2-2018-CfP08-ENG-01-36 “Optimizing impingement cooling”. The objective of ACCENTO (Active Clearence Contol dEsigN and characTerizatiOn) project is to carry out a series of advanced investigations on different Low Pressure Turbine Active Clearance Control (LPTACC) system pipes and target plates. The aim is to develop design/verification procedures and models to confidently predict the impinging system aero-thermal behaviour. This goal will be pursued by means of dedicated experimental tests and numerical simulations. The great ambition of the ACCENTO program is to design a modular test rig able to accommodate long ACC pipes (0.8 m to 1.5 m) which will be operated in engine representative conditions. The rig will be able to provide reliable data for impingement cooling heat transfer characterization in a wide range of operating points. The radiative heat transfer impact on the system performance will be also accounted for. The rig will provide high quality data in conjunction with controlled operating conditions to validate CFD tools for the heat transfer and, more in general, for the ACC system characterization. The expected outcomes of the project are the design, the commissioning and the testing of a modular rig for ACC heat transfer process characterization, the validation of CFD methodologies for such systems analysis and the development of design correlations for both the impingement holes discharge coefficient and for the jets Nusselt number. Moreover, thanks to the modularity of the developed rig, future and successive tests and analyses will be possible.",,
44,278415,HELIDES,Helicopter Drag Prediction using Detached-Eddy Simulation,"Reduction of aerodynamic drag is central to the ACARE 2020 goal of reducing fuel consumption in air transportation. For rotorcraft, the majority of the drag occurs due to extensive flow separation around the fuselage and rotor hub. Such highly unsteady flows present significant challenges for computational fluid dynamics (CFD) techniques in terms of solution fidelity and computational expense.However, a new family of hybrid RANS/LES techniques addresses this conflict by mixing pure modelling (RANS) and partial resolution (LES) of the turbulent motion to provide an optimal tradeoff between solution fidelity and computational cost. Of these, the well-established detached-eddy simulation (DES) method has been selected for the HELIDES simulations due to its high maturity and inherent suitability. Through participation in numerous EU projects (e.g. FLOMANIA, DESider, ATAAC), the consortium has developed a very high level of expertise with the development and application of these methods, including to helicopter fuselage simulation. The HELIDES consortium has furthermore played a central role in the implementation and validation of cutting-edge DES methods in an efficient, incompressible, unstructured CFD solver that can capture complex geometries with rotating components. Furthermore, novel analysis techniques for the quantification of the random error in statistical quantities provides a pragmatic means to manage the significant problem of finite simulated time samples.With these well-suited tools and expertise, together with access to very large computing resources, the HELIDES consortium considers itself ideally equipped to perform the demanding high-fidelity simulations specified by the Call.""""",,
45,641592,HELI-COMFORT,Adaptable power density coating for energy efficient heating of cockpit and cabin,"The objective of HELI-COMFORT is to advance the technology readiness level of an innovative, purpose made, prototypic electrical heating system to a TRL 4 or higher level. After laboratory scale tests on smaller samples and an CFD based numerical simulation of such heating elements in a helicopter interior, this heating system will be integrated in an 1:1 helicopter mock-up and investigated under large laboratory environmental conditions in order to prove the ability to provide an adaptable power density coating for energy efficient heating of cockpit and cabin with reduced/eliminated need of bleed air from turbines.",,
46,699247,R-WAKE,Wake Vortex simulation and analysis to enhance en-route separation management in Europe,This project (R-Wake) aims at developing a simulation framework to assess the risk and hazards of potential wake vortex encounters for the en-route phase of flight.,,
47,783198,EMPHASIS,EMPowering Heterogeneous Aviation through cellular SIgnalS,"The key objective of the project EMPHASIS (EMPowering Heterogenuous Aviation through cellular SIgnalS) is to increase safety, reliability and interoperability of General Aviation/Rotorcrafts (GA/R) operations both with commercial aviation and with emerging drones operations. These aspects are foreseen as critical elements to secure and improve airspace access for GA/R users in future airspace environment and improve operational safety of their operations.  This objective is planned to be achieved through affordable CNS capabilities tailored for GA/R users where the envisioned path to reduce avionics costs is driven by:1.Deep analysis of Communication, Navigation and Surveillance system requirements (including reliability and integrity) based on the specificities of GA/R operations. The analysis should allow to identify requirements critical for operational safety and potentially lower requirements with limited applicability to GA/R operations.2.Optimal combining of ground and airborne technologies enabled through advanced communication means.3.Innovative approach to certification allowing to achieve overall safety objectives with reduced impact on the cost.The most promising technologies (combining both on-board and ground elements) will be developed up to the proof-of-concept maturity level.",,
48,266073,ARISTOTEL,AIRCRAFT and ROTORCRAFT PILOT COUPLINGS – TOOLS AND TECHNIQUES FOR ALLEVIATION and DETECTION,"The ARISTOTEL project challenge is ensuring aircraft safety and aims to reduce the aircraft and rotorcraft accidents caused by a particularly unfavourable category of phenomena: aircraft-pilot-couplings and rotorcraft-pilot-couplings (A/RPCs). Generally, A/RPCs are defined as “inadvertent, sustained aircraft oscillations which are a consequence of an abnormal joint enterprise between the aircraft and the pilot”. Recent experiences show that modern designs are being confronted in an increasing degree with dangerous A/RPCs. The reason for this is that modern aircraft feature a significant level of automation in their flight-control-systems (FCS). FCS is generally intended to relieve pilot workload and allow operations in degraded weather and visibility conditions. Especially in the modern rotorcraft, there seem to be embedded tendencies predisposing the FCS system towards dangerous RPCs. As the level of automation is likely to increase in future designs, extending to smaller aircraft and to different kinds of operation, the consequences of the pilot ‘fighting’ the FCS system and inducing A/RPCs needs to be eradicated. It is the goal of this project to develop the design tools and techniques needed to detect and alleviate the A/RPC problems. End products of the project will be: 1) Advanced vehicle-pilot-FCS simulation models for “rigid body” and aeroservoelastic A/RPC analysis; 2) A/RPC design guidelines and criteria; 3) protocols and guidelines for A/RPC flight simulator training. All results will be directly useable by the aerospace industry in the design process for improving flight safety. The project will contribute in this sense to: 1) the minimization of the factors that lead to pilot loss of control resulting in increased enhancement of the European aircraft safety and 2) will strengthen the European Aeronautics Industry competitiveness in their time- and cost-effective design tools.",,
49,101256789,UNIFIED,Ultra Novel and Innovative Fully Integrated Engine Demonstrations,"The journey to climate-neutral aviation will require the power density of an ultra-efficient gas turbine combined with SAF, all highly integrated into an advanced aircraft platform for the SMR aircraft category. As the Clean Aviation SRIA states, this SMR aircraft category generates approx. 50% of the current share of air transport emissions, demonstrating the importance of the focus that is required on propulsion technology. The UNIFIED project will develop and demonstrate UltraFan®, a high performance scalable UHBR ducted turbofan to a TRL5 maturity level, targeting a 20% fuel reduction for SMR aircraft anticipating 2035 EIS. This TRL5 will be achieved via the project enabling technologies and enhancing design to deliver a full engine ground test at SMR thrust class.UNIFIED will importantly progress readiness for  UltraFan Flight Test Demonstration including flight test vehicle design, flight test instrumentation and engine flight clearance readiness. Within this preparation, testing of the UltraFan Key Architecture will be conducted to generate evidence for Flight clearance.  In parallel to the focus on demonstration and flight test preparation UNIFIED will create strong foundations for EIS.  The consortium looks forward to working with EASA, progressing the CRL of the UltraFan architecture and technologies.  Also, engagement with Lufthansa Technik will provide strong insight on the MRO aspects that will be critical to the successful deployment of UltraFan into the SMR sector. The activities of UNIFIED, led by Rolls-Royce, will bring airframer, suppliers, academics and research centres all strongly integrated within the UltraFan Programme.  Synergies will be leveraged with the comprehensive national and regional programmes across the consortium that enable technology maturity at all levels. All with the objective to demonstrating that UltraFan is the most capable and credible engine architecture solution to meet SMR requirements and readiness for EIS 2035.",,
50,323047,CROP,Cycloidal Rotor Optimized for Propulsion,"The CROP project introduces an innovative propulsion system for aircrafts based on the cycloidal rotor concept, using an integrated approach that includes the electric drive train, airframe integration and an environmental friendly energy source.The CROP system is supported on a multiphysics approach:1. The high thrust is obtained by unsteady-based cycloidal rotor operation;2. The development of low-weight electric power drives for the system;3. Airframe re-design to accomplish optimum integration of the cycloidal propulsor;4. Environmental friendly energy source based on hydrogen and photovoltaic cells.The strengths of the CROP concept are:- High thrust levels: by using unsteady airflows- Low weight: using an integrated design approach between airframe and cycloidal propulsor- Environmental friendly: because it is based on green energy power sources.The revolutionary CROP propulsion concept will introduce new air-vehicle concepts, overcoming traditional limitation on short take-off and landing, including hovering capability.",,
51,101286387,JARVIS-CONNECT,Just A Rather Very Intelligent and Connected System,"Aviation is entering an era of profound transformation, driven by the urgent need for safer, greener, and more efficient air traffic management (ATM). At the heart of Europe’s vision stands Trajectory Based Operations (TBO), a cornerstone of the European ATM Master Plan that will enable secured and timely exchange of aircraft trajectories among all actors, to support collaborative, data-driven decision-making. Early deployments are expected by 2035, targeting optimized flight profiles, reduced emissions, lower costs, and increased capacity. Yet this shift demands more than new procedures, it requires a digital revolution capable of managing unprecedented complexity as traffic grows and autonomous systems join human-operated fleets. JARVIS-CONNECT, led by Collins Aerospace, answers this challenge by accelerating the transition toward highly automated, AI-enabled ATM. Building on the achievements of the JARVIS project, JARVIS-CONNECT will mature and integrate digital assistants for pilots and controllers to TRL6, creating trusted human-machine teaming in TBO environments. The ambition is to automate collaboration between air and ground through a collaborative digital AI-enabled system that ensures safety and performance in complex decision-making. Two solutions will be validated in high-fidelity environments: (1) an AI-based digital assistant that supports pilots in complex TBO scenarios, and (2) an intelligent voice-communication system that enhances pilot/air traffic controllers exchanges. By 2029, JARVIS-CONNECT will validate how trusted AI and digital assistants can transform TBO from concept to reality, setting the stage for scalable automation, sustainable operations, and a new era of European aviation leadership. This is not just research: it is the blueprint for the future sky.",,
52,101114748,NETWORK TBO,Network Trajectory Based Operations,"The NETWORK Trajectory based operations (NETWORK TBO) project proposes to validate TBO SESAR Solutions covers all aspects of Trajectory management processes involving – but not limited to - Network actors. It covers both planning and execution phases. The proposed SESAR Solutions, with an indication of the Technology Readiness Levels (with the associated EOCVM level) at the end of the project, are:* Solution #1: TBO Planning and Impact on Execution. Taking as baseline FF-ICE/1 implementation in progress, this solution will develop focusing on the planning phase and the transition to execution including the EPP data improvement. (Target = TRL6 (V3)).* Solution NETWORK TBO-2: Strategic trajectory revision in execution. This solution will address trajectory management during the (strategic) execution phase, including a contribution to the development of the ICAO’s FF-ICE 2 TBO concept. (Target = TRL6 (V3)).* Solution NETWORK TBO-3: Improve both ATC and network processes through synchronization of network and local trajectories. This solution will aim in particular at improving information exchanges between the Network Manager and ANSPs in order to enable a reference Network 4D trajectory supporting coordination processes. (Target = TRL6 (V3)).The NETWORK TBO project consortium - with EUROCONTROL as the project coordinator, and with steering from the project management board and the SJU - brings together 9 air navigation service providers, 2 airspace users, 8 airborne and ground industry partners, 2 research establishments. The main 'design', 'development & validation', and 'data pack and maturity gate' phases are planned throughout the second half of 2023, 2024, 2025 and the first half of 2026.The NETWORK TBO IR project will be executed in strong coordination with European initiatives and projects related to TBO implementation as well as the ATMRPP ICAO working group ensuring complementary and maximising the R&D outputs towards implementation and standardisation.""""",,
53,307612,BirdStrike,Investigation of Bird Strike criteria for Natural Laminar Flow wings,"The BirdStrike project aims to establish a validated bird strike analysis capability, which enables the SFWA partners to simulate bird impact on a CFRP leading edge for a NLF wing. This will be achieved by setting up a combined program of test and analysis to determine the extent of damage and criteria to be applied to analyses of leading edge panels for NLF wings.The main scientific and technical work comprises six main research objectives in agreement to the present Call for Proposals (CfP) topic:1)Analysis of bird strikes on flat and representative curved panels at various angles of impact, using an existing bird impact model that will be provided by the SFWA Partners.2)Design and analysis of a supporting frame for bird-strike impact tests on flat and representative curved panels.3)Manufacturing of an agreed number of flat and representative curved panels that include supporting stringers, sparcaps or other structural features.4)Completion of impact tests at various angles.5)Validation of analyses and numerical models.6)Delivery of a tool that can predict the extent of damage in a representative Composite LE geometry.",,
54,632556,RIBES,Radial basis functions at fluid Interface Boundaries to Envelope flow results for advanced Structural analysis,"In the framework of Clean Sky2, Green Regional Aircraft - GRA - will deliver low-weight aircraft using smart structures. With the aim of mitigating environmental impact through a substantial reduction of pollutant emissions and fuel consumption, a reliable numerical methodology is required to accurately optimise the weight. The design process implies using of CFD and FEM structural models. Then the object of the Area-01 - Low weight configurations requires, in particular, the development and validation of methodologies and software tools for the implementation of accurate transfer of loads between numerical models, to guarantee a safer design workflow that allows a reduction of uncertainties, gaining the goal of weight reduction. This problem poses a technological challenge especially for numerical models of complex aerospace structures where flow data exchange between non conformal CFD and FEM meshes, has to be performed on huge calculation models (several millions cells).The research project proposes an innovative approach for loads mapping based on Radial Basis Functions (RBF) theory and RIBES software implementation. A technology previously developed in the field of mesh morphing (RBF Morph™) capable to deal with large dataset (millions of points) will be used to enable an accurate mapping. The meshless nature of the method facilitates all the complex tasks needed to properly exchange information between meshes. The effectiveness of the approach will be demonstrated on an aeronautic wing structure by means of numerical and experimental checks and by a quantitative estimation of weight reduction obtained using the optimization module included in the RIBES application.",,
55,999907,GRC,JTI-Clean Sky 1-Green Rotocraft -Integrated Technology Demonstrator,"GRC - Green Rotorcraft: The Green Rotorcraft ITD gathers and structures all activities concerning the integration of technologies and the demonstration on rotorcraft platforms, supported by activities performed within the Eco-Design ITD, the Sustainable and Green Engines ITD, the Systems for Green Operations ITD and the Technology Evaluator. It combines seven domains aiming at reducing the environmental footprint by reducing emissions and halving perceived noise for the next helicopter generation. The main activities for the seven domains of the GRC ITD are: GRC1 - Innovative rotor blades, GRC2 - Reduced drag of airframe and dynamic systems, GRC3 - Integration of innovative electrical systems, GRC4 - Installation of a High compression engine on a light helicopter, GRC5 - Environment-friendly flight paths, GRC6 - EcoDesign Rotorcraft Demonstrators, GRC7 - Technology Evaluator for Rotorcraft.",,
56,738114,SMART-LAYUP,Development of innovative automated fibre placement machine for composite fuselage manufacturing with high performance hybrid materials,"SMART-LAYUP activities described in the present proposal will contribute to develop and validate an advanced process of hybrid materials automated lay-up for manufacturing of regional aircraft composite fuselage which allows a significant reduction of the overall production costs and manufacturing flow. After a developmental phase to be performed at MTORRES site, the innovative process and related machine will be validated and costs assessed through the execution of dedicated lay-up tests and fabrication of fuselage demonstrators at Topic Manager plant.",,
57,807081,SYS GAM 2018,Systems ITD,"The Systems ITD will develop and build highly integrated, high TRL demonstrators in major areas such as power management, cockpit, wing, landing gear, to address the needs of future generation aircraft in terms of maturation, demonstration and Innovation.",,
58,717186,OLTITA,O.M.P.M. LiferCraft Tail Innovative Tool Assembly,"The aim of this proposal is to develop, design, manufacture and deliver to the Core Partner of the Call For Core Partner AIR-02-02, the prototype assembly and transportation tooling for all components of the LifeRCraft Rotorless Tail that belong to the WP_B4.1 “Rotorless Tail for LifeRCraft” i.e.: Tail Boom, Horizontal Stabilizer, Vertical stabilizer, Control Surfaces, Upper Tail Boom Fairing. Components will be assembled using composite and metal parts. According to objective of call in terms of cost, schedule and energy saving, the proposal outlines different assembly approach including traditional one based on hard assembly jig,  determined assembly using predrilled holes on separate parts and measurement based assembly system. Based on the proponent know how,  for each one,  advantages and disadvantages are described. Assembly approach will be selected in close agreement with core partner responsible of tail assembly. In the proposal WP1, after an Harmonization phase, the assembly jigs complete with auxiliary tools as drilling template, sling etc. and transportation tools will be designed and fabricated. After dimensional and functional check the assembly jig and transportation tools will be delivered to the Core Partner responsible for tail assembly and transportation. The following WP2 will be devoted to assessment of delivered tools to report configuration trades and support tool try out. Finally in the WP3 the proponent will support the Core Partner in tool try out and use of jig for component assembly and transportation. If major tooling modifications will derive from ground and flight test the additional work required to comply with necessary design and tool modification will be negotiated with core partner. WP 4 will handle all the management, communication and dissemination activities.",,
59,270561,TEMPO,Thermal Exchange Modelling and Power Optimization,"In the frame of the proposed project, a comprehensive Modelica library for the modelling of aircraft air conditioning and thermal management will be developed, covering all relevant fluid domains as well as mechanical, electrical and control aspects. The developed library will cover:Vapour cycle system, including valves, heat exchangers (two phase – two phase, two phase – liquid, two phase – air), reservoirs and refrigerant compressorsAir cycle system, including compressor, turbines, air – air heat exchangers, water extractors and sprayers, fans, jet pumps, valves and scoopsLiquid loop systems, including piping, pumps, valves, air – liquid heat exchangers and reservoirs1-D aircraft cabin model, covering 3-D effects backed by  experimental validationAir distribution system models e.g. ducting and mixing chamberElectrical and mechanical models including motor drives, bearing losses and mechanical connectionsSystem control capabilities and linking the models to external toolsThe library will be developed using the latest features of the Modelica language for more robust and efficient simulation. Object-oriented modelling and a user-oriented library structure will allow efficient future development and extension of the library.The developed models will fully support multilevel modelling, allowing an easy switching between dynamic and steady state modelling for different design phases.On the basis of this library, a multi-objective optimization strategy will be developed, making full use of the newly created capabilities to model the multi-domain system interdependencies. The multi-objective optimization strategy shall help to find optimum system architectures with respect to the targets of the Clean Sky JTI i.e. minimum environmental impact at minimum overall cost and maximum passenger comfort.",,
60,252045,SMACMP,SMA Cytec Multilayer Prepreg,"The use of advanced composite materials brings to the aircraft design the benefits coming from a reduction in part counts and a simplification in the inspection and maintenance procedures. Hail, bird impacts and runway debris represents a big threat for aircraft structures and their effects shall be taken into account in the design phase leading to a redundant design and reducing the advantages coming from the use of CFRP. This problem affects in particular the regional aircrafts with their reduced fuselage thickness. CFRPs reinforced with a structure capable to increase significantly the impact-resistance and the damage tolerance characteristics could solve most of the problems coming from the use of composite materials on sensible aircraft parts. In particular, the adoption of a metallic mesh embedded into a CFRP panel seems to be one of the most promising solutions to improve the overall performance; in particular, the SMA fibres offer the possibility to realise a high-performance composite allowing a significant increase of mechanical properties opening also the way to the multifunctionality of the future aircraft structures Cytec Engineered Materials (CEM), relying on the great experience acquired in decades of research, manufacturing and application of advanced epoxy systems to the aerospace market, can bring to this problem the know-how required to reach a smart and sustainable solution. CEM will select of the most suitable materials (carbon reinforcement, resin system and metallic mesh) and will identify a method for prepreg manufacturing. The activities will then be focused on manufacturing and characterization of coupons and small panels realised with the selected base constituents. Specific characterisation tests will be carried out to validate the results and the results will be summarized in a report including assessment and benefits.",,
61,296543,ViMaQ,Hot sheet metal forming of aerospace materials - Virtual manufacturing and enhanced quality,"Hot stamping allows producing complex geometries from high performing materials. The use of this technique is increasing among automotive manufacturers because of the possibility to reduce weight without compromising with performance.The aim of this study is to tailor the press hardening technique to fit the materials and demands of the turbofan engine, hoping to reduce weight, waste, machining and cost. Aerospace steel grades has not previously been used in press hardening. The possibilities and limitations of these new materials will be thoroughly examined as well as the benefits using this manufacturing technique compared to conventional methods.A selection of aero space grade steels will be characterized to find the material best suited for press hardening. For this material a thermo-viscoplastic material model will be created. Using this model geometries from the turbofan engine, suited for press hardening, will be optimized and the feasibility of forming these details investigated. The first of the geometries is a sheet metal disc. In this proposal it is suggested to also investigate one of the flow surfaces and a guide vane. To validate the simulation process and the prediction of detail quality from the forming analysis physical parts of the disc and the guide vane will be produced.For the disc and the guide vane benefits using near-net-shape blanks will be investigated. A method to achieve non uniform blanks is rolling. Flat rolling is majorly done to produce a large amount of standard strip/plate. Flat rolling into a shape is not widely used but it has a large potential to save material and machining by rolling a Near-net-shape product. The guide vane will be manufactured using this technique.Also a technical study of serial production will be performed to compare the new production process to conventional design and manufacturing methods with regards to detail quality, weight, cost, material properties and manufacturing robustness.",,
62,717091,ASPIRE,Advanced Smart-grid Power dIstRibution systEm,"The ASPIRE Consortium will bring together their world-leading expertise in aircraft Electrical Power Systems (EPS) and Power Electronics (PE) in order to design, develop and manufacture an innovative DC/DC resonant cellular converter with automatic inversion functionality. This will be a key component in the creation and demonstration of an advanced Electrical Power Distribution System (EPDS) with Enhanced Electrical Energy Management (E2-EM) capability.The ASPIRE Consortium will combine world-leading expertise in technical areas of PE conversion, EPS, smart-girds and their control, as well as in modelling and simulation for aerospace applications to enable step change in the design and development of future aircraft electrical power systems by making them “smart” and more efficient hence contributing towards more efficient, more-green aviation.Due to the leading roles played by the ASPIRE Coordinator, UNOTT, on international aerospace standards committee for aircraft electric systems (SAE AE-7), ASPIRE results will be integrated into the development of future standards for aircraft EPS architectures and concepts, demonstrating international impact of the project in addition to enabling further developments in REG IADP by development and implementation of smart-grid concept of Topic REG-01-10.",,
63,101251003,CRYOSTAR,Certification Roadmap to Yield an Optimal and Safety methodology of crashworthiness for an integrated cryogenic Tank for liquid hydrogen storAge on board of future aiRcraft,"Hydrogen is emerging as one of the most promising energy carriers for decarbonizing aviation, offering significant long-term potential for reducing greenhouse gas emissions. However, its implementation faces considerable technical and safety hurdles, particularly in relation to onboard storage and distribution. Hydrogen’s low volumetric energy density, even when stored as cryogenic liquid hydrogen (LH2), implies a need for tanks that are approximately four times larger than those used for conventional aviation fuels. This directly affects aircraft architecture, aerodynamic efficiency, and payload capability. Additionally, LH2 must be maintained at extremely low temperatures—around -253°C—which requires complex, highly insulated, and costly cryogenic tank systems. Hydrogen’s flammability and its capacity to permeate materials that are otherwise impermeable to conventional gases introduce further safety risks and demand stringent engineering countermeasures.The CRYOSTAR project confronts these challenges through the development of a pioneering crash certification methodology for cryogenic hydrogen tanks integrated into the tail section of CS-25 class aircraft. The project’s objective is to engineer, validate, and certify advanced attachment and restraint systems capable of absorbing crash loads while ensuring structural integrity and fuel containment. A comprehensive methodology—combining numerical modeling, physical testing, and credibility assurance frameworks—will support regulatory compliance while reducing development and certification costs. The project aims to define a future certification reference in collaboration with aviation regulators such as EASA, FAA, CAA.CRYOSTAR will achieve Certification Readiness Level (CRL) 5, targeting CRL 6 with flight validation, and Technology Readiness Level (TRL) 5 via full-scale drop tests on equipped fuselage sections, thus laying the foundation for safe and certifiable hydrogen-powered aviation.",,
64,714249,ACTIonRCraft,Anti-Crash lightweight fuel bladder Tank Integrated on a new RotorCraft,"ACTIonRCraft will design, develop, manufacture, verify and validate [qualification tests (leakproofness, temperature, pressure, fluid susceptibility, mechanical and drop tests) up to flight tests] five qualified anti-crash lightweight fuel bladder tanks which will integrate for the very first time ZODIAC AEROSAFETY SYSTEMS (ASY) robust, light and ecofriendly technological breakthrough (functionalized liner, lighter fabric and solvents without pictogram). Fully supporting the rapid emergence of the highly performant rotorcraft, this next generation of anti-crash lightweight fuel bladder tanks with limited environmental footprint will demonstrate a weight reduction of 15%, a reduction of 80% of VOC emission during sustainable manufacturing, conformance with CS29 and mechanical properties at the highest level (sealing, resiliency, service temperature and crash resistance). ACTIonRCraft will be carried by ASY who has the required specific expertise in fuel bladders tanks (i.e. project/program management, design, development, manufacturing, installation and support to flight tests) with a proven track record of successful R&T projects, collaborative RTD projects (ESCOTHp, GENOME, COMAIT, CleanSky 1, etc. ) and R&D programs (e.g. H160 – X4, EC175, EC225, etc.). Notably, a first step on tank walls weight improvement was already achieved by ASY within the H160 program and ASY has already developed the necessary technological breakthrough today at TRL4 (functionalized liner, lighter fabric) and at TRL5 (Solvents without pictogram) to be accessed and used in ACTIonRCraft. Also, ASY is the unique EU fuel systems provider approved by aviation authorities worldwide since several years, owning Design Organization Approval (DOA), Production Organization Approval (POA) and Maintenance Organization Approval (MOA).",,
65,101114733,DARWIN,Digital Assistants for Reducing Workload & Increasing collaboratioN,"DARWIN ambition and vision is to develop technology enabling AI based level 4 automation for cockpit and flight operation as a key enabler for SPO (Single Pilot Operations) and demonstrate the same (or higher) level of safety with same (or lower) workload as operations with a full crew. It will bring solutions that will help the market maintain operational efficiency with increased complexity and routing flexibility, which are expected by the emergence of drones and air taxis. The results will support the commercial and operational viability of those new airspace users, even with the forecasted pilot shortage and growing environmental concerns. AI-based automation will come with its own challenges that need to be addressed to keep the high safety standards for the next generation of automation. One of the biggest challenges is to facilitate the cooperation between humans and AI. The DARWIN project builds upon the available technology base in AI and leverages the partners’ excellent position in the aviation supply chain to address the need for scalable, interconnected, and highly automated eMCO (Extended Minimum Crew Operations) and SPO operation concepts as one of the inherent foundational building blocks of the Digital European Sky (SESAR ATM Master Plan Phase D). The system will consist of 3 core enabling technology layers: 1) Trustworthy Machine Reasoning Platform will provide capabilities for rule-driven, transparent, and explainable decision aiding or decision making. 2) Human-AI Collaboration layer will be implemented on top of the Reasoning Platform. It will provide collaborative capabilities for the pilot interaction with the adaptive automation and assistants to efficiently keep the human-in-the-loop of the workflow in the eMCO or SPO cockpit with the Level 4 automation. 3) Pilot State and Taskload Monitor will provide data to the collaboration layer and automation to adaptively react. The project will deliver a TRL7 system validated in ops environment.",,
66,211861,DREAM,valiDation of Radical Engine Architecture systeMs,"Since the publication of the ACARE goals, the commercial and political pressure to reduce CO2 has increased considerably. DREAM is the response of the aero-engine community to this pressure. The first major DREAM objective is to design, integrate and validate new engine concepts based on open rotor contra-rotating architectures to reduce fuel consumption and CO2 emissions 7% beyond the ACARE 2020 objectives. Open rotors are noisier than equivalent high bypass ratio turbofan engines, therefore it is necessary to provide solutions that will meet noise ICAO certification standards. The second major DREAM objective is a 3dB noise emission reduction per operation point for the engine alone compared to the Year 2000 engine reference. These breakthroughs will be achieved by designing and rig testing: – Innovative engine concepts – a geared and a direct drive contra-rotating open rotor (unducted propulsion system) – Enabling architectures with novel active and passive engine systems to reduce vibrations These technologies will support the development of future open rotor engines but also more traditional ducted turbofan engines. DREAM will also develop specifications for alternative fuels for aero-engines and then characterise, assess and test several potential fuels. This will be followed by a demonstration that the selected fuels can be used in aero-engines. The DREAM technologies will then be integrated and the engine concepts together with alternative fuels usage assessed through an enhanced version of the TERA tool developed in VITAL and NEWAC. DREAM is led by Rolls-Royce and is made of 47 partners from 13 countries, providing the best expertise and capability from the EU aeronautics industry and Russia. DREAM will mature technologies that offer the potential to go beyond the ACARE objectives for SFC, achieving a TRL of 4-5. These technologies are candidates to be brought to a higher TRL level within the scope of the CLEAN SKY JTI.",,
67,807090,FRC GAM 2018,Fast Rotorcraft,"The challenge in rotorcraft design is always to improve payload-lifting capability, reduce fuel burn and increase the vehicle's range – the traditional objectives in aeronautical design.",,
68,865131,TCTOOL,"Innovative Tooling, End-Effector Development and Industrialisation for Welding of Thermoplastic Components","The next generation of large passenger aircraft will make extensive use of thermoplastic composites which could replace thermoset composites and metals in many areas of aircraft construction. Thermoplastic composites can be lighter in weight even than thermoset composites, but the key advantage is that they can be joined together using welding processes. This has the potential to eliminate many of the hundreds of thousands of fasteners in an aircraft, improving reliability and reducing assembly costs by over 60%.To take full advantage of thermoplastic composites weldability will require the development of innovative new approaches to tooling and automation to eliminate or reduce fixed tooling costs which can account for more than one third of non-recurring costs.This project will develop innovative new end-effectors for jigless assembly of thermoplastic composite fuselage structures and new adaptive tooling for the welding of thermoplastic fuselage skin to stringers and frames. This will allow highly automated assembly of these complex structures with tooling that can be re-configured digitally and re-used.  The project will also deliver simulation tools and perform manufacturing simulations to quantify variations in assembly, risk of defects, and optimise the process to achieve cost-effective zero-defects assembly.This €1050k project will be led by TWI a major industrial research organisation with world-leading expertise in composites joining and large equipment design, FADA-CATEC Center for Advanced Aerospace Technologies with expertise in robotic assembly and aerospace technology, London South Bank University – developers of innovative robotic and end-effector solutions, Brunel University – experts in thermoplastic composites welding and AcroFlight – experts in virtual engineering and simulation.",,
69,101101961,HECATE,Hybrid ElectriC regional Aircraft distribution TEchnologies,"Aviation needs to meet the ambitious targets of the European Green Deal. This means a step change is needed towards hybrid electric regional aircraft to significantly reduce the fuel burn. This can only be accomplished with power distribution networks that can safely handle the high power and high voltage levels, ultimately up to several Megawatt. The HECATE project will address the associated challenges of system weight and power density, high voltage challenges with lightning, arcing and electromagnetic interference as well as optimized thermal management, in addition to digitizing the design process with digital twins. This will lead to transformative technology bricks, which are holistically optimized at system integration architecture level. The HECATE project will demonstrate a >500 kW architecture in a copper bird at TRL5. This will provide a clearer understanding of high voltage challenges and how to mitigate them, with a scalability roadmap towards CAJU Phase 2 flight demonstration and exploitation in a 2035 new built Hybrid Electric Regional aircraft. Also, environmental impact and LCA will be assessed. For optimal alignment and ensuring certifiability, HECATE will establish relationships with other Clean Aviation projects (e.g. HER-01 for MW propulsion, HER-02 for thermal, TRA-01 for architecture, TRA-02 for certification) and authorities and standards groups (e.g. EASA, EUROCAE).  As a set of key enabling technologies that are well integrated, HECATE will contribute to the Clean Aviation SRIA and its expected impacts, and fully fulfill the call's expected outcomes. The 37-member consortium mobilizes key EU based industries throughout the entire existing supply chain: from aircraft OEMs to system integrators, to system and subsystems suppliers, 5 of which are SMEs. 17 RTOs,  complement and reinforce the industries, which also ensures knowledge gained is embedded in future research and education programs.",,
70,101114838,TRUSTY,TRUSTWORTHY INTELLIGENT SYSTEM FOR REMOTE DIGITAL TOWER,"Remote digital towers (RDT) are taking place around the world to ensure efficiency and safety.  TRUSTY harnesses the power of artificial intelligence (AI) to enhance resilience, capacity, and efficiency in making significant advancements in the deployment of digital towers. The overall goal of TRUSTY is to provide adaptation in the level of transparency and explanation to enhance the trustworthiness of AI-powered decisions in the context of RDT. Through the video transmission data from RDT,  TRUSTY considers the following major tasks:1.Taxiway monitoring (i.e., bird hazard, presence of a drone, autonomous vehicle monitoring, human intrusion, etc.).2.Runway monitoring (approach and landing) misalignment warning and the corresponding explanation.To deliver trustworthiness in an AI-powered intelligent system several approaches are considered: •‘Self-explainable and Self-learning’ system for critical decision-making•‘Transparent ML’ models incorporating interpretability, fairness, and accountability•‘Interactive data visualization and HMI dashboard’ for smart and efficient decision support•‘Adaptive level of explanation’ regarding the user's cognitive state.•“Human-centric AI” enhances the trustworthiness of AI-powered systems.•“Human-AI teaming” to consider users’ feedback to insure some computation flexibility and the users’ acceptability.To achieve the goal, TRUSTY will rely on the SotA developments in interactive data visualization, and user-centric explanation and on recent technological improvements in accuracy, robustness, interpretability, fairness, and accountability. We will apply information visualization techniques like visual analytics, data-driven storytelling, and immersive analytics in human-machine interactions (HMI). Thus, this project is at the crossroad of trustworthy AI, multi-model machine learning, active learning, and UX for human and AI model interaction.",,
71,831993,E-PILOTS,Evolution of cockPIt operations Levering on cOgnitive compuTing Services,"New technologies have allowed pilots to assume more responsibilities reducing the number of some mechanic and repetitive tasks through automation. The flight deck transition to digital computer-based flight management system has shown a reduction of the workload across a variety of tasks. However, there are still several open issues that requires further research and a deeper understanding of pilot cognitive decision making process to guide next steps on aircraft control task sharing between human pilots and machines.Present project proposal will analyse the benefits of cognitive computing assistant and the challenges in key areas such as the relationship between pilot with the surrounding traffic and the aircraft state evolution considering the pressure of the operational context factors such as task responsibilities, situational awareness,  and the performance objectives of the mission among others. The dynamics of these interdependencies will be analysed by means of ML techniques identifying the different thresholds that actives a cognitive tasks which will be the baseline to elaborate new symbiosis dynamic structures to improve human-machine information sharing mechanisms. Human-in-the-mesh modelling paradigm relying on cognitive computing technologies will drive the research and innovation efforts to identify the potential changes in pilot roles and task responsibilities that will improve aircraft system reliability and performance, the pathway to automation in the flight deck to simplify the crew interaction with the systems and make tacit knowledge explicit to be accessible and usable for automated, intelligent systems.This proposal consider cockpit operations for “man-computer symbiosis” as a metaphor for designing decision support systems that enhance human cognitive performance. Furthermore, it will be explored the Strong Cognitive Symbiosis approach which analyses true interdependence rather than simply cooperation between human and machines",,
72,686711,TiAlCracks,Crack growth threshold analysis in TiAl alloys,"The objective of the project is to investigate the fatigue crack growth (FCG) threshold and rate for long as well as short cracks of second generation TiAl alloys suitable for use in the Intermediate Pressure Turbine (IPT) of the UltraFanTM engine. The work includes in detail all investigations specified in the Call for Proposals JTI-CS2-2014-CFP01-ENG-03-04, that are:•determination of the FCG threshold and rates at load ratios R of 0.1, 0.5, 0.8 at room temperature and at 750 °C, •determination of the variation of these material properties at room temperature for three different heat treatments (centre and extremes of the heat treatment window) at load ratios R of 0.1, 0.5, 0.8, and•determination of the effect of defect type (defects from manufacturing, handling and foreign object damage (FOD)), morphology and size on the fatigue  properties at room temperature and at 750 °C at load ratios R of 0.1, 0.5, 0.8.",,
73,336948,BUCOLIC,Buffet Control of Transonic Wings,"The aim of this work programme is to develop a capability to understand and predict transonic buffet on wings fitted with buffet control devices.Wind tunnel tests will be performed on a half model with buffet control devices fitted to measure dynamic flow characteristics during buffet onset.Unsteady RANS and DES CFD calculations will be carried out, validated against the wind tunnel data.  The CFD calculations will then be used to develop an improved understanding of transonic wing buffet.An industrialised computational method will be developed to enable buffet prediction to be carried out during wing design with buffet control devices fitted""""",,
74,831848,DENOX,Innovative Technologies of Electrochemical Suppression and Electromagnetic Decomposition for NOx Reduction in Aeroengines,"DENOX project aims to develop and experimentally prove two breakthrough technology concepts and their optimal combination for drastic reduction of NOx emissions in aeronautic gas-turbine engines (GTEs).Technology concept 1 is electrochemical suppression of NOx generation in primary combustion zone. It consists in generation of modulated discharge(s) in combustion chamber to initiate chemical reactions competitive to conventional NOx generation mechanisms.Technology concept 2 is electromagnetic decomposition of NOx molecules in engine exhaust. It consists in application of multi-frequency electromagnetic fields to the exhaust flow to ensure resonance excitation of chemical bonds in NOx molecules up to their dissociation.DENOX technology concepts are underpinned by the results of KhAI’s theoretical investigations and numerical studies of high-temperature high-pressure low emission combustion processes, which demonstrated potential to decrease NOx concentration in exhausting gases on 20-95% without decreasing of engine efficiency.The project will combine analytical studies and numerical simulations with experimental investigations and multi-level testing campaign to translate proposed technology concepts from TRL1 to TRL3 and to assess full potential of their combination for the next-generation GTEs.DENOX outcomes will contribute to the advancement of aircraft engines in both (i) mid-term perspective (EIS 2035) through progress in understanding and modelling of high-temperature low emission combustion processes, and (ii) long-term perspective (EIS 2050) through the potential to drastically reduce NOx emissions to meet Clean Sky 2 High Level Objectives and ACARE SRIA goals.",,
75,323475,E-SLEEVE,Direct filament wound rotor carbon resin sleeves by bulk curing and layer-by-layer Electron beam polymerisation,"E_SLEEVE activities deal with the design, set-up and demonstration of two distinct processes for the filament winding of the required carbon composite retaining sleeve, to be realized directly integrated onto the high speed motocompressor rotor of air conditioning systems used in aircraft application: the first one will use Cyanate Ester resin and subsequent bulk curing, the second one will use specific resins for high temperature use and for direct layer-by-layer curing to be performed via low energy Electron beam, simultaneously to the filament winding process itself. Each process will be validated by manufacturing the required five sleeves directly on the rotor sub-assembly. Next Technology Tecnotessile has internal expertise and equipment from previous projects and commissions allowing to fulfil the Topic expectations. Two European-level experts in layer-by-layer E-beam curing for aerospace applications, will be involved to advice on resin formulation and provide support to process design and set-up and to validation activities. Further industrial up-scaling scenarios with cost analysis will be produced for both processes and full collaboration with Topic Manager on exploitation and dissemination activities will be provided.""""",,
76,278170,Neural,Neural network computation for fast trajectory prediction,"The Neural project proposes to take advantage of the neural networks capabilities to approximate the aircraft performance models in order to achieve the High Speed Numerical Integrator pursued by the MTM. The Neural development would allow SGO ITD to evaluate the potential benefit of the Neural Network for improving the access to the performance data.The Neural consortium was created to join the aeronautics and embedded experience of gtd and all the expertise in optimal control and high speed numerical integration with neural networks of the International Center for Numerical Methods in Engineering (CIMNE), a world-wide reference center in its area.",,
77,323427,WELDMINDT,Open rotor Engine WELDed parts  inspection using MINiaturizable NonDestructive Techniques,"SAGE project, included in Clean Sky research project aims at demonstration of engines and technologies to reduce the fuel consumption and therefore reducing CO2 emissions in order to fulfill the European Aviation environmental objectives for 2020 of decrease 50% of CO2 emissions.WELDMINDT project is focused on giving solutions for the inspection of welded components with limited access in Open Rotor Engines. This will lead to a cost reduction in Open Rotor Engines manufacturing and maintenance by reducing the time of inspections, facilitating the market entry of this more effective and cleaner engines.Hence, indirectly the project results will have an important impact in environment, as well as the obvious industrial and technological impacts. Project’s main technical objectives are:- Integrate in a single system shearography, Infrared Thermography and Ultrasonic inspection- Use laser as a single excitation source for the inspection system- Advance in the knowledge of pseudo-real defects generation in advanced materials with different welding processes- Develop an automatic inspection system based on industrial robotics applications- Develop a FEM based model valid for fast piece simulation- Develop an “automatic” defect detection and sizing estimation softwareAs conclusion, directly or indirectly the following impact is expected:A) The combination of multiple NDT techniques added to the use of advanced signal processing will increase the defect detection rate and size precision more than 20%B)Change the aero-engine inspection time concept: from minutes-hours (or even days in maintenance) to secondsC)Reduce simulation time more than 90% maintaining the precisionD)By means of flexible fibres and other techniques as mirrors gain access/vision to currently inaccessible partsE)30% fuel efficiency improvement""""",,
78,731781,PJ02 EARTH,Increased Runway and Airport Throughput,"EUROCONTROL’s 2013 Challenges of Growth Report “by 2035 more than 20 airports are operating at 80% or more of capacity for 6 or more hours per day … drives ATFCM airport delay up from around 1 minute/flight in 2012 to 5-6 minutes in 2035.”Whereas social, economic and environmental constraints impede building new runways, secondary airports are hindered by technical, infrastructure and meteorological limitations from absorbing additional traffic.EARTH unites key European aviation partners combining the right expertise and investment to address issues and drive deployment of operational and technical improvements to enhance infrastructure, increase traffic throughput whilst preserving safety and environment.Aligned with the ATM-Masterplan, EARTH focuses on separation and procedures to improve runway and airport throughput considering wake-vortex, weather, environment and noise whilst taking account of different traffic demand, future aircraft capability and airport configurations.Partners validate reduction of arrival/departure separations delivered through optimised runway delivery support tools and study new procedures designed to reduce environmental and noise impact whilst confirming increased runway throughput enabled by ground and on-board space-based augmented navigation systems including GBAS and SBAS.Partners investigate independent rotorcraft operations, fixed-wing and helicopter non-interfering simultaneous approaches, on-board and low-cost ground technology improving access to secondary airports in low visibility, optimising single and multi-runway operations in mixed-mode and dependent runway configurations and enhanced terminal airspace operations through curved approaches.EARTH supports the SESAR Deployment regulation and addresses European concerns on environmental sustainability, reduction of noise and fuel consumption and brings low cost improved access to regional airports making regions economically attractive with potential for new jobs.",,
79,887240,AEROMO2,Towards the application of MOrphing MOvables in AEROstructures,"The framework of the project is to support the development of an active morphing winglet demonstrator within the Airframe ITD. The current project will deliver elements necessary for the future industrialisation of the technologies involved in morphing movables. These elements concern (I)- a comprehensive material behaviour characterisation and prediction method, specific for the requirements coupled with this application, subsequently called ‘Part A’,(II)- a production method necessary to demonstrate the application of a novel pressurised cell actuation system subsequently called ‘Part B’.Both parts are complementary, though these will support two types of demontrators. The first part is meant to realise a large step towards qualification of the morphing technology on focussing on materials able to realise morphing defomation in an existing concept, while the second one focuses on a technology integrating all aspects related to morphing movables, around an innovative fluid based control system, named FAMoUS.",,
80,821297,COMBUSS,Composite tooling for business jet lower wing stiffened panel manufacturing,"The aim of the COMBUSS project is to develop, design, manufacture and deliver to the Topic Manager facilities, all the prototype subcomponent manufacturing tooling needed to manufacture the stiffeners and panel of lower wing (including all auxiliary tools). COMBUSS project will design the tooling system which will incorporate self-heated capability with multiple heating zones and advanced thermal management. The activities will start with the provision of definitions and specifications by the Topic Manager (TM). The mould materials will be optimised for long life and improved productivity. It will feature built-in quality assurance tools to guarantee reliable processing of the selected material systems according to technical specifications. After the TM’s approval of the design, the tool will be fabricated, checked for conformance with the specification, transported to the TM premises and commissioned. The partners will provide full documentation on the tooling system and its use and will support the TM with the demonstrator fabrication. The COMBUSS system, as the main output of the project, will be realized in line with the “most innovative expectations” of the call, as it will present a comprehensive tooling solution for improved cost  (tooling materials and manufacturing method), eco-design (out-of-autoclave processing, low thermal mass and easy modification of tooling, waste reduction in process), energy savings (self-heating and multi-zone configuration of tooling), manufacturing process simplification (robust process thermal control), production time savings (faster heating rates, cure process optimization) and Aeronautical quality standards (on-line quality control) in composites manufacturing. The COMBUSS system is intended to be used directly at the flight-worthy demonstrator at the Topic Manager premises as a first step of the system exploitation.",,
81,714246,Ascent AM,Adding Simulation to the Corporate ENvironmenT for Additive Manufacturing,"The achievement of the Clean Sky 2 (CS 2) objectives, concerning the reduction of CO2 and fuel burn by up to 30 % as well as the reduction of NOX by up to 40 %, is strongly associated with the availability of innovative technologies and adapted structural design. Additive manufacturing (AM) is one of the key enablers and thus inalienable to reach these goals. First simple aero engine parts manufactured by AM-processes, like laser beam melting (LBM) have successfully been introduced into mass production. To use all possible benefits of the technology like e. g. design freedom, cost efficiency and a reduced time to market, first time right production is essential. One major issue are the distortions after production. Employing manufacturing simulation to support process development is a promising approach to realise first time right production. Current simulation models however, fail to calculate distortions within an acceptable time frame and do not respect post-processes such as stress relief annealing. Thus, the goal of this project is to integrate a suitable simulation-based process chain into the tool landscape for AM process preparation that enables a prediction of distortions with high accuracy in reasonable time to generate benefit for AM users. The main focus lies on the metal-based layered manufacturing process of LBM as this is the most widespread approach to generating three-dimensional parts from powder material.",,
82,284881,SUNJET,SUstainable Network for Japan-Europe aerospace research and Technology cooperation,"SUNJET is a European Project within the Framework Programme 7 (Research / Aeronautics and Air Transport) aiming at establishing an initial framework, data base and network, in order to facilitate and enhance the cooperation in R&T activities between Japan and Europe. Through the participation of all the relevant Stakeholders, it will introduce a more structured dialogue to identify the similarities in the respective research agendas / road maps. It will be used to create a better mutual understanding, thus permitting to :* Build up ad-hoc EU-Japan R&T cooperation areas of mutual benefit* propose win-win R&T roadmaps / cooperations* Have a mutual understanding of administrative mechanisms: clarify the principles governing such EU-Japan R&T cooperation, respective funding mechanisms, IPRs, …etc…and the main barriers to that cooperation and suggest ways to overcome all the problems.SUNJET project will indicate the areas where the cooperation topics are mutually favoured assuring a good reciprocity between the parties.It will not interfere with the various EU-Japan R&T cooperative activities already undertaken, but might nonetheless provide rules and reference that could be beneficial to all.Finally the project will provide common R&T road maps for cooperation to be introduced in future calls for proposals within Framework programmes of the European Commission and mechanisms in Japan.""""",,
83,314180,BOPACS,Boltless assembling Of Primary Aerospace Composite Structures,"The main challenge of the BOPACS project is to reduce the weight and costs of primary aerospace structures by developing bolt free adhesive bonded joints that comply with the airworthiness requirements.Until today thin walled composite primary aerospace structures are joined by using a large number of fasteners. Bolt free joining would considerably contribute to the weight and cost reduction of aerospace structures.Within BOPACS target applications will be selected that are commonly used in today’s aerospace primary structures and where adhesive bonding might advantageously replace conventional riveting / fastening. Based on these target application bolt free adhesive bonded joining methods will be developed that comply with the EASA airworthiness requirements.Contrary to projects focusing on the development of non destructive techniques for the inspection of weak bonds, BOPACS proposes arigorous road map to certification by developing Means of Comply based on:•Thorough research, beyond the state of the art, into the crack growth / disbond extension mechanisms in adhesively bonded joints.•Design, analysis, testing and assessment of different categories of crack stopping design features, i.e. features that are capable of preventingcracks or disbonds from growing above a predefined acceptable size, with a joint still capable of carrying the limit load.The project results and certification issues will be reviewed on a regular base by EASA representatives through the Airbus certification department.""""",,
84,807087,TE2 GAM 2018,Technology Evaluator 2 - GAM 2018,"The Technology Evaluator (TE) is Clean Sky's platform for quantifying exactly how environmentally beneficial the innovations developed within its programmes really are - and, critically, how these efficiencies correlate to ACARE's ecological targets.",,
85,641543,JIF2LAND,Jigs and Fixtures for Assembly of the Laminar Wing at the BLADE flight test demonstrator Final Assembly Line,"The objective of JIF2LAND proposal it to conduct the evelopment, design, manufacture and installation of jig platforms, staging and operational tooling for removing the BLADE wing (Natural Laminar Flow) sections of an A340-300, after the flight test and to assembly the original wings tips of the aircraft. The SFWA flight test demonstrator aims to validate that a specific wing profile can sustain laminar flow with an acceptable stability versus in flight deformation and contamination. After the flight test the original wings will need to be restored and challenging tooling design and manufacturing are expected, beside the challenges an added one will be to be very cost-effective for a tooling to be one time used.Temperature compensation, twist compensation, tolerance achievements are some of the key points to be addressed on this development.",,
86,999902,SAGE,JTI-Clean Sky 1-Sustainable And Green Engines-Integrated Technology Demonstrator,"The SAGE ITD started on June 1st, 2008 and launched by beginning of 2009 all related demonstrators in different engine segments: Two open rotor configurations, namely: SAGE1, Geared Open Rotor Demonstrator Led by Rolls-Royce plc with contributions from Rolls-Royce Deutschland, ITP, GKN Aerospace, Airbus and Leonardo Aircraft, and SAGE2, Contra-Rotating Open Rotor Demonstrator Led by Safran Aircraft Engines with contributions from Avio Aero, Airbus, GKN Aerospace, Leonardo Aircraft, Safran, Safran Nacelles, Safran Aero Boosters and Safran Electrical chr(38) Power. One specific Geared Turbofan engine demonstrator: SAGE4, led by MTU with contributions from Avio Aero and GKN Aerospace. SAGE3, on Large 3-shaft Turbofan Demonstrator, led by Rolls-Royce plc with contributions from Rolls-Royce Deutschland, ITP and GKN Aerospace. With focus on helicopter applications Safran Helicopter Engines (at that time Turbomeca) launched SAGE5, Turboshaft Demonstrator, supported by several partners' activities. A sixth demonstrator was introduced in 2012, after the decision to reduce the scope of SAGE 1, the SAGE6, Lean Burn Demonstration, led by Rolls-Royce plc with contributions from Rolls-Royce Deutschland.",,
87,255689,FRARS,Future Regional Aircraft Requirements Study,"A study to investigate and assess the requirements associated with future Regional Aircraft in terms of future 'green' and other operational 'scenarios' and constraints, as seen by the Regional Airlines. The aim of the study lies in the identification, analysis, assessment and trade-off of the identified requirements in order to define the most 'optimum' combinations of these, overall. The results of the study will 'feed' the related design and technologies' development efforts under the CSJU GRA ITD. Representatives from various European Regional Aircraft Operators will be interviewed so as to establish the benchmark for the related study.",,
88,296549,ISINTHER,Industrialization setup of Thermoplastics in situ consolidation process,"Thermoplastics (TP) are high molecular weight polymers which, unlike thermosetting (TS) resins, do not form a rigid three-dimensional cross-linked chemical structure after processing. This allows the TP to be readily re-melted and re-formed, not the TS. Additional advantages are: chemical/impact resistance, range of temperatures, low level of moisture uptake then low hot/wet conditions degradation, eco-friendly/reusable properties that can make them a primary selection when the part live cycle is considered.In situ consolidation automated processes with TP (ISC/TP) are currently at a level of development that does not allow efficient series production of complex TP components. More research is still needed to manufacture double curvature panels including strong thickness changes, plies drop-off, etc. Disadvantages for a good industrialization are: difficult process management, high process temperatures and pressures, material handling for an efficient ISC/TP process.The four main drivers of the ISINTHER project are:-To assess an in situ consolidation process for TPM orientated to industrial outcome-To apply the above main guidelines for trials and demonstrators manufacturing- To investigate on repair solutions and process to restore nominal quality of parts- To assess the potential benefit impact of the ISC/TP process in terms of environment, costs and elongated life cycle.The project work plan shall be supported on a strong collaboration of a Technology Center (FIDAMC) with an experimented Automation Manufacturer (MTorres) able to transfer their experience to ISC/TP process.PEEK APC2-AS4 will be the material reference but open to evolution or new materials. Reparability is other aspect to be investigated with a high budget and mechanical tests.Finally, process eco-assessment is a key objective of the ECODESIGN ITD, widened here to the concept of process sustainability (environment plus cost efficiency) to see if ISC/TP could be the preferred selection.""""",,
89,341531,HYPMOCES,Hypersonic Morphing for a Cabin Escape System,"Passenger safety is one of the main drivers for the development of future trans-atmospheric transportation systems. The high levels of energy associated hypersonic flights as well as the level of reliability of the enabling technology leads to the need of a passenger escape system in case of flight abort.The implementation of a cabin escape system for a hypersonic aircraft is challenged by the integration within a larger structure, the load factors for the passengers, the ejection propulsion concept, the capability to withstand extreme thermal environment(plasma flow)and the adaptability to a wide range of abort scenario conditions (low and high speed and altitude).This multi-phase nature of the return flight makes morphing an attractive solution for a hypersonic escape system. The abort scenarios cover a wide range of flight conditions and the integration within the mother spacecraft requires compact solutions in terms of shape (ex: capsule adapted to outer mold line). Thus a single shape cannot provide adequate performances and consequently it can be challenging (ex: load factors) for the wellness of the ordinary passengers expected in the cabin. The increase of the lifting capability after ejection of a escape capsule and the increase of aerodynamic control surfaces is a strong requirement in order to safely return to ground the crew – composed by non-trained persons.The main goal of HYPMOCES is to investigate and develop the technologies in the area of control, structures, aerothermodynamics, mission and system required to enable the use of morphing in escape systems for hypersonic transport aircrafts. A large cabin escape system able to change its shape and automatically reconfigure during an abort event after ejection will balance the compromise between the constraints for the integration within the mother aircraft (compactness), the adaptability to the unpredicted environment in case of abort and the required flight performance to ensure safe landing.",,
90,807089,REG GAM 2018,Regional Aircraft,"An aircraft that can transport between approximately 100-130 passengers, and is intended for short and medium haul flights can be considered to be a Regional Aircraft. The challenge is to improve the passenger experience so that regional aircraft offer a comparable level of inflight comfort, free from noise and vibration, with a comfort level comparable or better than today’s modern jets and with a reliability of service well beyond today’s service into small and regional airports.",,
91,308968,ESTOLAS,A novel concept of an extremely short take off and landing all-surface (ESTOLAS) hybrid aircraft: from a light passenger aircraft to a very high payload cargo/passenger version,"The concept of the project is to develop and validate the conceptual design of a hybrid aircraft – a flying device combining the best qualities of an airship, a plane, a helicopter and a hovercraft. Such hybrid aircraft constitutes a completely novel type of an aircraft – extremely short take off and landing on any surface (ESTOLAS). ESTOLAS aircraft will have the following major advantages compared to the existing air vehicles. This aircraft is a mixed type """"flying wing"""", the basic part of which is the diskshaped centerplane. In general it serves as a receptacle of elevating gas (helium). In the channel of its center there are a jacking system and a cargo cabin and on the edges there are a pilot-passenger cabin, cantilevered wings and a tail. The combined takeoff and landing device is placed underneath: wheel and ski bearers and air cushioned landing gear. Three principles of creating the lifting force: aerostatic, aerodynamic and jet, used on this aircraft, possibility of landing on an all-terrain flat surface, airflow over the systems of control and stabilization generated by the powerplant's propellers, rather low specific loading on bearing surfaces with simultaneous use of modern aviation control systems and navigation allow to achieve high reliability and safety of operation.""""",,
92,821270,GRACE,GaN mm-wave Radar Components Embedded,"The GRACE project aims at development of surface mount technology (SMT) components for mm-wave (mmW) frequencies, with particular focus on radar systems in the W-band. Low-cost high-performance radars are critical for future Enhanced Flight Vison System (EFVS) combining IR sensors and a mmW radar.  Key radar components are Power Amplifier (PAs) and Signal Sources (SSs), two functionalities that require high power. The most promising technology to deliver the required power levels in an area-effective package with potential to be cost-effective in volume production is a short-gate length GaN HEMT monolithic microwave integrated circuit (MMIC) technology. The GRACE project aims at utilizing the D01GH and the D006GHG processes from OMMIC, which are two only commercially open European MMIC processes with capability of delivering sufficient gain in the W frequency band. The GRACE project also aims at packaging the designed MMICs using a fan-out wafer level (FOWL) packaging approach offered by Fraunhofer IZM. FOWL packaging (FOWLP) is one of the latest packaging trends in microelectronics with advantages such as significant package miniaturization, substrate-less package, lower thermal resistance, and higher performance with lower loss and low parasitic couplingThe specific objectives of the GRACE project are: *Design of a 93-100 GHz Power Amplifier (PA) MMIC with an output power in the range of 500mW to 1W *Design of a signal-source MMIC covering 93-100 GHz with state-of-the art far-carrier phase noise performance *Development of a FOWL packaging flow for the PA MMIC *Development of a FOWL packaging flow for the signal source MMIC",,
93,887174,DIAS,Development of Interdisciplinary Assessment for manufacturing and deSign,"DIAS develop and demonstrate the integrated multidisciplinary tools necessary to speed up implantation and design integration or Open Rotor structural components in next generation aircrafts. This require more flexible design studies, allowing a wider set of design variants to be explored simultaneously with accounting for manufacturing equipment and process applicability. DIAS bring in state of the art modelling and simulation techniques for robot path assessment, geometrical variation of weld assembly using advanced modelling software and combines these with architectural modelling tools (CCM, CAM) that allow impact assessment on system level, risk and cost to be included in the same study The studies are conduced as evolving and digital design of experiments first outlining the desired design space, identifying feasible regimes of the design space and generate variations of geometries and manufacturing technologies. The results from the simulations are used together with already existing data from Clean Sky high fidelity simulations and experiments to form validated surrogate models. Decision makers and specialist from multiple domains team up and conduct real time trade off analyses to identify most resilient design. AI and Machine learning algorithms are used to facilitate intelligent and interactive decision support. The consortia of Chalmers, Cambridge and FCC have experience form collaborating both with the topic leader and eachother from several preceeding research projects and bring together extensive expertise and experience into the study. The expected outcome is expected to allow the manufacturer to optimize new design and reduce the risk to introduce Clean Sky demonstrated configurations and technologies to be introduced in next generation products. As such, DIAS have a profound impact on realizing the significant potential demonstrated for Open Rotor architectures, while including competitive assessment and risk reducing design capabilities.",,
94,296613,INARAS,Automated Riblets Application on Aircraft Parts,"The Project INARAS (Intregal Automated Riblets Application System) is aimed to find out an automatic and cost effective way to paint riblets on an aircraft surface.The research and development to carry out in this Project will develop, integrate and test an Integral System to be used on real aircraft parts or mock-up to paint riblets. Riblets are a drag reduction technique that consists of small grooves with sharp ridges and a height in the order of about a hundred microns which are laid on the aircraft surface., This strategy has proved to be efficient in terms of skin friction reduction in areas under turbulent flow, thus a saving in fuel consumption can be achieved.This project takes advantage of previous investigations covering several aspects related to riblets performance and application techniques. Progress on riblet application techniques to date has shown the need to develop new application strategies that comply with the requirements of the aeronautical industry in terms of surface quality, application, maintenance costs and delivery rates, when successfull implemented INARAS will address all this concerns.""""",,
95,298171,FIBIOSEAT,FIre resistant BIObased polyurethane foam for aircraft SEATing cushions,"Flexible polyurethane (PU) foams are widely used in many industrial applications including automotive and aeronautics as fillers for seats, headrests etc. They are made from a reaction of two primary ingredients: an isocyanate and a polyol. Originally, these raw materials were derived from petrochemical feedstocks. The use of bio-polyols, i.e. derived from vegetable oils, as an alternative to standard polyols started around 2004 due to the rising costs of petroleum feedstocks and a growing concern for the environment.But, these bio-polyols can only replace a portion of the polyol part in the formulation and they need to be blended with petroleum-based polyols to maintain the foam physical and mechanical properties. Face to a growing demand for products based on renewable resources, foam manufacturers need to increase that ratio in the formulations while delivering the same foam quality.On top of that, foams used in the aircraft industry, for seat cushions for instance, need to pass highly stringent fire performance tests. It is well-known that the chemical nature of the polyurethane, its low density and the open cell structure cause this material to be highly flammable. In order to achieve high flame resistance requirements, polyurethane foams must be formulated with flame retardants. A multiplicity of flame retardants is known and commercially available for this purpose, like halogenated flame retardants. However, considerable toxicological reservations frequently stand in the way of their use and alternatives are expected.In the FIBIOSEAT project, AXYAL, an innovative SME specialized in the industrial transformation of plastics and composites which owns a leading edge expertise in PU foaming and fireproofing materials, proposes to develop a sustainable alternative for current flexible foams which will comply with aircraft’ fire resistance requirements while meeting the comfort and durability expectations of end users.""""",,
96,101114815,MultiModX,Integrated Passenger-Centric Planning of Multimodal Transport Networks,"The vision of MultiModX is that of a multimodal European transport system in which air and rail networks are planned and managed in a coordinated manner to maximise the efficiency, predictability, environmental sustainability and resilience of the door-to-door passenger journey. The goal of MultiModX is to develop a set of innovative multimodal solutions and decision support tools for the coordinated planning and management of multimodal transport networks. MultiModX develops a multimodal modelling and evaluation framework, including a set of key performance areas and indicators, that enable a comprehensive characterisation of the impact of multimodal transport sytems and multimodal solutions for a range of stakeholders. It will improve existing indicators and metrics and complements current frameworks by more meaningful passenger-centric metrics for better measures of significant disruption (e.g., longer delays, missed connections, denied boarding, cancellations). This MultiModX Performance Assessment Solution will support the design, implementation and evaluation of these (and other) multimodal solutions by enabling ex-ante assessment and ex-post monitoring of their impact on a comprehensive set of KPIs. A Schedule Design Solution will enable the coordinated design of air and rail schedules according to expected demand behaviour. The Disruption Management Solution will support decision-makers response to disruptive events in real time in order to minimise the impact on the passengers, profiting from the extension of the A-CDM concept to other transport modes. In order to nurture the conditions for the transfer of the MultiModX Solutions to the subsequent stages of the R&I cycle stakeholders are engaged throughout the full project lifecycle for validation and discussion purposes, as well as disseminating the project outcomes to potential adopters and ensuring that the components developed contain a clear definition of integration and datasets requirements.",,
97,101140638,TROPHY,Technological Research On Propulsion by HYdrogen,"The TROPHY project, which stands for Technological Research On Propulsion by HYdrogen, aimed at supporting the Clean Aviation HYDEA funded project (HYdrogen DEmonstrator for Aviation), which proposes a technology maturation plan to develop an H2C (Hydrogen Combustion) propulsion system compatible with an Entry Into Service of a zero CO2 low-emission aircraft in 2035. TROPHY supported design activities related to the development of an H2 engine fuel system as well as the investigation of integration aspects between engine and aircraft. Decision was made by the consortium to close TROPHY grant agreement as it turned out that key objectives as initially envisaged were no longer relevant.",,
98,271858,DIMAG,Development and Implementation of Magnesium sheets in A/C,"The main objective of DIMAG project is to develop and produce magnesium Demonstrator for aircraft after answering all given aviation criteria and requirements. By achieving this objective, DIMAG will facilitate obtaining the Clean Sky objectives of reduction in weight, fuel consumption, emissions of CO2 and NOX and the use of fully recyclable material. Since magnesium 100% recyclable and is 35% lighter than aluminium a replacement of aluminium parts with magnesium parts will contribute to all the above mentioned goals.The main idea to be reflected in the work program is the use of several magnesium forming and surface treatment technologies, which successfully implemented on conventional alloys (i.e. AZ31, AZ80, etc.), but for new options of chemical compositions, especially for alloys with rare earth (RE) elements (such as WE43).The project activity will use a drawingand bending techniques, including riveting, and surface protection processes which should be chrome-free provided, while using the above mentioned new magnesium alloys.The work plan will be divided into three work packages",,
99,101114805,AI4HyDrop,An AI-based Holistic Dynamic Framework for a safe Drone’s Operations in restricted and urban areas,"With an increasing number and diversity of potential drone operations, managing the airspace to accommodate these drones will become an increasingly sophisticated task, especially in densely populated urban areas encompassing restricted zones with dynamic environmental and operational influences. Due to the associated higher probability of conflicts, and ultimately collisions, such areas require management of dedicated structured airspace, operations, and services to help mitigate these potential hazards. Several projects are currently working on defining ConOps for U-space services. Corus and Corus-XUAM have defined a possible capabilities model, such as airspace organization and services. However, a holistic framework is necessary to create an effective and efficient flow of information between the various capabilities in order to systematically organise the airspace usage. Such an automated Air Traffic Management System will be essential for the introduction drone operations at scale. AI4HyDrop evaluates the various stakeholder needs, delivering validated concepts, defining a methodology for an airspace structure organisation and associated U-space services. The framework considers the information from other services such as meteorological and separation provision, which can then be used for flight planning approval process, prioritization. In addition, essential elements such as surveillance and contingency planning can be addressed.  The framework incorporates various AI based tools and associated information flows necessary to addresses the complexity, safety and scalability required for implementing such U-space services. The proposed framework represents a digital step change in ATM, using AI as a means to overcome many critical barriers foreseen in the introduction of automated U-space services. The findings could later be expanded to support general airspace management.",,
100,831751,HERON,Fully controlled RTM tooling and high deposition rate ALM technologies for cost-effective and sustainable manufacturing of hybrid laminar wing demonstrator,"The overall objective of HERON is to develop and manufacture a comprehensive set of innovative, cost-effective and sustainable tooling for RTM processes as well as the use of high deposition rate ALM technologies, aiming at improving the energy and resource efficiency of the manufacturing of a leading edge and trailing edge for integration on aeronautical demonstrator. To this end, four innovative technologies will be combined and demonstrated at operational environments in aeronautic sector reached TRL 6: A.Modular design for RTM tooling to facilitate leading edge parts demoulding and heating strategies, combining different heating systems in customized surfaces.  B.Near real time process monitoring as path to control RTM process parameters (such us temperature) relying on in-mould sensors (thermocouples, strain and pressure gauges), external gauges (thermal cameras) and a control algorithm for thermal distribution.  C.High deposition rate hybrid ALM for trailing edge production to reduce resources consumption, using resins specifically developed for aeronautical applications.D.Finally, a fully automated and high accuracy production environment for the manufacturing of the necessary tooling for the leading edge and the application of the ALM technologies for the trailing edge, could ensure an accurate integration on the hybrid laminar wing demonstrators and an easy reparation or modification of the RTM tooling and ALM partsThese four innovative approaches can lead up to a direct 25 % of energy consumption reduction, 20 % of cost reduction and 30 % reduction in time cycle for the production of aeronautical structures.The project concept will address 100% tooling needed in the RTM and ALM processes, both for manufacturing and validating purposes, leading to a reduction of CO2 equivalent emission by up 30% linked to the Clean Sky 2 Programme High-level Objectives.",,
101,101286802,ZEUS,Zero/low Emission Aircraft Integration into Future European Air Traffic System,"The goal of ZEUS is to develop an integrated framework for the modelling, management, and assessment of the impact of next generation zero/low emission aircraft on the future European ATM network. This goal can be translated into the following specific objectives:1. To define an operational framework and a set of representative use cases that guide the assessment of the impact of zero/low emission aircraft on the future ATM system. This includes the characterisation of future operational environments with mixed aircraft fleets, the identification of integration challenges for novel zero/low emission aircraft, and the definition of performance indicators and evaluation criteria to assess the impact and benefits of potential solutions.2. To model the future operational context of mixed-fleet air traffic by developing BADA1-like performance models for zero/low emission aircraft and forecasting the evolution of traffic demand, considering factors such as shorter routes and an increased number of flights to accommodate passenger growth, in order to define representative scenarios of the future ATM system for the 2035+ horizon.3. To propose and design a set of measures that enable the integration of zero/low emission aircraft in a mixed-fleet ATM environment, including the strategic redesign of departure and arrival procedures (SID/STAR) and the development of a DST for pre-tactical ATFCM.4.To quantify the impact of future mixed-fleet operations on ATM, especially on traffic synchronisation in terminal and en-route airspace, and evaluate the benefits of the proposed integration measures.5. To create the conditions for the transfer of the project results to the subsequent stages of the R&I cycle by outlining a new SESAR Solution, the ZEUS Framework for New Entrants Integration, that supports the safe, efficient, and coordinated integration of zero/low emission aircraft into the future ATM system.",,
102,270599,BME CLEAN SKY 032,"Resin, Laminate and Industrial Nanoparticles Concept and Application. Industrialization","The aim of this proposal is to develop hybrid epoxy resin composites, where both the matrix and the carbon fibre reinforcement contains nanoparticles, in order to improve the mechanical, electrical and thermal properties of the carbon fibre reinforced aeronautical structures.The dispersion of the selected nanoparticles in epoxy resin matrix will be carried out by a three step masterbatch technique, resulting in low viscosity, evenly dispersed CNT filled epoxy resin systems ready for industrial size use. Rheological, morphological and spectroscopic (Raman, FTIR) characterization of the loaded materials will be carried out.Polymer nano/microfibers loaded with CNT and other nanoparticles, which serve as precursors for carbon fibres, will be produced by electrospinning method from PAN/DMF solution of CNTs. Optimal parameters for the graphitization of these yarns will be determined.Parallelly arranged CNT reinforced nanofibrous yarns will be carbonized and consequently infiltrated by the CNT filled matrix mixed with the curing agent. The final outcome is a tape consisting of an epoxy/CNT hybrid matrix and quasi-unidirectional carbon nanofibre/CNT yarn hybrid reinforcement.Thermal and electrical conductivity of the prepared laminate samples will be determined according to standard methods in the function of dispersion method and nanoparticles loading. Laminate samples will be evaluated against conducted lightning current pulses.Static (tensile, bending, interlaminar shear strength properties), dynamic (instrumented Charpy impact, instrumented falling weight impact, dynamic interlaminar properties) and fatigue testing of the composites will be carried out.After testing the mechanical, electrical and thermal properties of composites, the industrial applicability of the developed electrospinning and graphitization methods and prepreg tape product will be studied.",,
103,323402,AiMeRe,Aircraft Metal Recycling,"Since only a limited amount of A/C alloys can be reemployed into the initial quality, the recycling industry shall be able to identify parts containing high grade alloys to ensure its profitability . Therefore, the AiMeRe project proposes to set up a methodology for high grade alloys processing of ageing A/C. The valorisation of valuable parts requires advanced procedures to identify and differentiate high grades steels alloys such as Cobalt, Titan and Nickel. For these reasons, the consortium will collaborate with A/C manufacturers to define a cartography highlighting the areas of alloys interest. Then, technologies will be assessed to optimise the various phases - dismantling, sorting, processing - until valuable metals can be separated out for further industry usage. The AiMeRe consortium is composed of ENVISA, a French SME specialising in aviation environment issues and Bartin, a subsidiary of VEOLIA PROPRETE, a world leading company for the valorisation of industry waste. A mid-term workshop will be organised at Bartin’s Chateauroux airport dismantling platform to discuss the study’s results and attend an A/C dismantling to better evaluate mechanical an environment issues. The consortium also proposes to further investigate recycling potentials for plastics and composites as well as identify valuable outcomes for the various metal alloys, in particular in manufacturing industry. At the end of the study, the consortium will provide recommendations for regulations to ensure that A/C recycling is performed in compliance with environment constraints. This ambitious endeavour aims to contribute to higher competitiveness of the European industry, by fostering innovation. It is also expected to contribute to the Clean Sky - DFE, Design For Environment – strategy by better anticipating what would be the potentials for A/C recycling and how new materials like plastic and composites can be reused in the future.",,
104,755606,FINCAP,Fuel INjector Coking and Autoxidation Prediction,"The aim of this project is to develop a robust theoretical framework to allow the modelling of the build-up of surface carbonaceous deposits in jet fuel injection systems so that fuel injectors for advanced engines such as the VHBR may be designed with an acceptable maintenance frequency and their life span predicted. Given the high heat sink requirement on aviation fuel in geared turbofan architecture, the prediction capability developed within this proposal is essential to a rapid and low cost development of VHBR, lean burn fuel injector systems.The project team consisting of the Low Carbon Combustion Centre, the Department of Chemistry and the Centre for Advanced Manufacturing in the University of Sheffield will conduct a three-year programme to develop the understanding of fuel injector coking through a combination of experimentation and simulations of various scales and complexities. The proposed programme builds on the significant expertise within the core team.The objectives of the Proposal are:1.      Construction of an updated and robust autoxidation kinetic mechanism for surrogate hydrocarbons representative of an approved aviation fuel.2.      Validation of the detailed mechanism with autoxidation results for real fuel and surrogate hydrocarbon obtained in a near isothermal plug flow reactor over a range of temperatures. Followed by the automated mechanism reduction through species lumping and reaction grouping.3.      Validation of mathematical model with respect to the experimental results obtained from low TRL level experiments and parameter optimisation4.      Experimental investigation of surface deposition in a simulated burner feed arm using “Aviation Fuel Thermal Stability Test Unit” and assess impact of surface roughness in a representative fuel injector at TRL 5 conditions to validate coking model.5.      Incorporate this understanding into a number of modelling tools to permit incorporation of coking calculations within CFD packages.",,
105,278144,SUPERBLEND,Development of Thermoplastic Polymer blend with Low Melting Point and with Similar Properties than PEEK,"Since thermoplastic matrices can be replacing thermoset matrices in aircraft structural applications, the next step is to get eco-friendly thermoplastic materials able to be manufactured with less energy than PEEK.It is therefore necessary to develop an innovative compound with similar mechanical and physic-chemical properties than PEEK but with lower melting point in order to reduce the energy for its processing and minimize the environment impact.The development of this blend will be focused on the investigation of new generation additives developed in the last years such as thermal stabilizer, halogen free flame retardant, nano-additives (CNT, nanoclays and nanoparticles)…In the course of the project, different formulations will be tested in the extrusion-compounding process.  These formulations will consider different proportions and types of advanced thermoplastics and additives.Twin-screw extrusion machine will be used in the development of the blend in order to guaranty the best method to mix additives and polymers and therefore get a homogenous blend with the desirable characteristic to be used in aeronautic applications.The project will start the 1st of April 2011. This date has been reached a consensus with the TM who wants to start the project as soon as posible.""""",,
106,101288834,ARTEMISA,"Advancing platforms for en-Route and TMA to support incrEased autoMation, Interoperability and SustAinability","The Advancing platforms for en-Route and TMA to support incrEased autoMation, Interoperability and SustAinability (ARTEMISA) project plays a central role in the realisation of the Digital European Sky vision in SESAR Phase C and Phase D, delivering the next generation of En-route and TMA platform. The proposed project aims to advance the platform toward Automation Level 4, where automation takes decisions and implements actions silently within nominal operations, supporting cyber-secured information exchanges in a Virtual Centre architecture, thus assuring the seamless interoperability and scalability of ATM services across different platforms through a modular, service-oriented architecture.To achieve this, the project will pursue the following overarching objectives:•Modernise ATM systems with modular, cloud-based and service-oriented architectures.•Increase automation to enhance efficiency, reduce workload and support high-traffic complexity.•Ensure effective human-machine collaboration in highly automated environments.•Improve trajectory predictability and optimisation to boost performance and reduce environmental impact.•Strengthen cyber-resilience and secure data exchange across the ATM network.•Enable interoperability and integration through open, standardised services.•Support dynamic airspace and capacity management, including cross-border coordination.•Integrate military operations into civil ATM while maintaining flexibility.To cover these objectives, the proposed project will deliver seven solutions essential for implementing next-generation ATM contributing to all of the transformation levers defined in the European ATM master plan.The ARTEMISA project consortium brings together one ground industry partner, Indra, as the project coordinator and eight ANSPs, seven European ANSPs and the Canadian ANSP as members of the iTEC Alliance.",,
107,686374,NEODAMP,New Enhanced Acoustic Damping Composite Materials,"NEODAMP is marked in the ITD Airframe part B, oriented to highly integrated innovative structural components, for the Large Passenger Aircraft. NEODAMP will develop new prepreg composite materials for structural purposes in the aircraft, able to support structural loads and other additional functions. The project is focused on acoustic damping and complemented with electrical conductivity studies while using techniques related to additional embedded and/or integrated functionality. Composite materials will be chosen among those provided by a widely experienced manufacturer, to meet the future needs and requirements given by the topic manager. Activities are distributed along 36 months, and tasks are associated to 3 main topics: material development, screening and process ability. In order to find the optimal material, a series of key characteristics will be selected, such as acoustic damping, structural and mechanical properties, HSE requirements, Fire, Smoke&Toxicity resistance for fuselage applications, resistance to environmental factors, automatic manufacturing and costs. The damping material will be improved and modified to adjusts properties such as tacking or curing parameters. All the cited features will be deeply studied through a test campaign, at coupon level using raw damping material and the embedded damping prepreg composite material. The wide variety of tests will include from damping behavior and vibro-acoustic performance to lightning strike protection, including aging, common mechanical properties and physicochemical tests. Needed panels and embedded design will be done and manufactured by the partners. Results of the cited works altogether will guide to the optimal design and manufacturing of trials, which will reach to material improvements also. The production of demonstrators will be oriented to automatic fuselage production by using automatic fiber placement techniques and always considering possible solutions for industrialization.",,
108,686783,MALET,Development of MODELICA Libraries for ECS and Thermal management architectures,"The goal of this project is the development of Modelica libraries (Dymola compatible) to simulate Electrical Environmental Control System (E-ECS) architectures including thermal management perimeter. The efforts will be focused on developing an optimized model to simulate vapour cycle systems (VCS) and liquid loop systems at both steady state and transient operational conditions. In addition, an appropriate strategy will be adopted to couple the thermal and the electrical environments to achieve an integrated simulation of the complete architecture.E-ECS architectures include different cooling systems and electrical components which will be modelled within this project. The system/components to be modelled are:• Vapour cycle systems (VCS), including compressors, reservoirs, valves, heat exchangers, etc.• Liquid loop systems, including pipes, pumps, cold plates, heat exchangers, liquid and diphasic coolants, etc.• Air cycle systems, including compressors, turbines, air-to-air heat exchangers, fans, sprayers, etc.• Jet pumps• Electrical components, such as power electronics and electrical motors• Wing ice protection systemsA multi-level approach will be considered given the object-oriented nature of Modelica. In general, components will be modelled based on their appropriate governing equations (e.g. conservation law of energy, mass and momentum), needed empirical information (e.g. heat transfer correlations), and needed relevant parameters (e.g. compressor efficiencies). However, the modelling will be carried out considering different levels of detail. For instance, heat exchangers will be modelled from simple lumped approaches (e.g. ε-NTU based) to more detailed distributed approaches (e.g. finite volume method).",,
109,807088,SAT GAM 2018,Small Air Transport (SAT) - GAM 2018,"Small Air Transport (SAT) deals with small general aviation and commuter/feeder aircraft and their technology needs: ‘fixed wing’ aircraft with between 4 and 19 seats. To meet the Flightpath 2050 target whereby """"90% of travelers within Europe are able to complete their journey, door-to-door within 4 hours"""", SAT aircraft ails at filling a gap that many other travel paradigms struggle to fill.""""",,
110,233672,ICOA.10.09,"International Conference on Airports, October 2009 Paris","Concept: The Air and Space Academy (AAE) proposes to organise a 2-day international conference on “Airports and their Challenges”, in DGAC Paris (7-8 October 2009).  Background: Europe needs to develop new transport networks and infrastructures in order to support its industry and promote economic growth. Air transport has increased faster than any other mode of transport in the past 20 years, but concerns linked to traffic saturation and the environment are growing. Airports are an essential element in the air transport system and yet their development can give rise to tension and even conflict between the different economic and political players.  Reflection is needed on how to guarantee sufficient airport capacity in the enlarged European Union whilst respecting the different constraints of safety, security, environment, customer satisfaction, intermodality, etc. Objectives: This conference will aim to achieve a broad, dynamic vision of the evolution of airports in Europe and worldwide, of the different challenges and constraints facing them within a 15-20 year timeframe and to define the orientations necessary for the future. It will do so by bringing together top policy makers and operators from the European and international air transport system to pool information, discuss current developments and share new innovative ideas.  Guidelines defined at this conference will be disseminated widely to policymakers worldwide in order to maximise impact. Organisation: AAE has a wide experience of organising successful conferences. A Programme Committee, chaired by Marc Noyelle (former Executive Director Development and facilities for Aéroports de Paris, and Administrator-President of ADPI international engineering branch), will comprise experts from AAE, DGAC, Air France-KLM, Aéroports de Paris, UAF, ACI Europe, DG TREN with input from relevant international organizations and European airport managers. The conference work programme will be carried out by AAE permanent staff.",,
111,308183,SANDIT,Design and manufacture of a flight worthy intake system (scoop/NACA divergent intake) SCOOP AND NACA DIVERGENT INTAKE TRIAL (SANDIT),"This proposal supports the supply of an innovative scoop and NACA divergent intake, qualified to a sufficientlevel to support flight trial activities.With a successful pedigree in intake design, coupled with a wealth of experience in complex structures andhaving gained a detailed understanding of scoop intake design from successful delivery of the original JTI funded scoop program, GKN and its partners are very well positioned to optimise design solutions and provide the most appropriate design for icing performance, acoustic design and application, manufacturing techniques and optimisation of the novel technologies employed in the previous programme.Key to programme success is evaluating material selection early to meet the harsh environmental requirements encountered by the scoop. Material selection directly effects ice protection efficiency, structural capability, weight and validation of system performance.Component manufacture will incorporate the novel technology approaches applied in the previous programincluding lessons learnt and process capability. Within this partnership a wealth of composite manufacture incomplex structures exists to optimise robust manufacturing solutions that can be converted into productionsolutions with ease.As a supplier of electro thermal ice protection systems for a multitude of applications, such as wing ice protection and engine intake systems, coupled with a high pedigree of successful acoustically optimised nacelle application technology, GKN has a foundation in providing design solutions for key technologies that support bleed less technology application and see the scoop ECS divergent intake system as a key step in providing all electric aircraft ice protection systems to support a change in systems architecture for future generations of aircraft.  The scoop technology is also seen as a potential enabler for improved systems on derivative aircraft in the shorter term.""""",,
112,271875,AERTECVTI,Test bench for endurance test and reliability prediction of avionics power electronic modules,"The goal of the project is design and manufacture a specific test bench dedicated to give more confidence of the design in term of reliability at components level and help the user to expertise and to validate the minimum life expectation of future aircraft power electronics converters.Endurance Tests and Reliability Prediction of avionics is a critical part of the development of on-board electronics.For this purpose Test systems must be implemented that can deliver realistic functional and environmental conditions that allow to test and age components in use and in extreme environmental flight conditions. Traditionally this has been done by means of ATE systems for the functionality tests and with electrodynamic shaker systems and dynamic or thermal shock climatic chambers.In advanced test systems, all three elements are combined into one system, being able to test the functionality of the onboard electronics under extreme environmental conditions.This proposal describes a state of the art test system that will allow onboard electronic designer validate their prototypes or series hardware by means of using a test rig that ages the hardware in extreme environmental conditions.The innovative character of the proposal comes from relevant aspects of all three main components and their also from their integration.""""",,
113,821418,ESTiMatE,Emissions SooT ModEl,"The main objective of ESTiMatE is to develop a modelling strategy using CFD simulations for the prediction of soot in terms of chemical evolution and particle formation in conditions relevant to aero engine operation. The model developments are based on the use of detailed chemical kinetics for kerosene surrogates, and advanced combustion and spray models validated with reference experiments. ESTiMatE develops an advanced methodology based on advanced soot prediction models integrated into high-fidelity simulations. It includes the development of efficient algorithms for the coupling of soot particles with gas phase dynamics allowing the use of large-scale applications with high computational efficiency. ESTiMatE will contribute to the characterization and prediction of the combustion process and subsequent emissions, to increase the predictivity and reliability of soot predictions in the aeronautical sector.",,
114,641559,COMPOSLEEVE,Development of a composite sleeve for spatial separation of rotor and stator in an electric motor,"The Project COMPOSLEEVE is aimed to find out a way to produce a stator sleeve for stator/rotor separation in electrical motor, which need to be cooled with aggressive fluids such as Skydrol, with high internal pressure and a temperature range that goes above 200ºC. For this application possible materials are composites with high Tg resins, such as BMI or Cyanate ester, reinforced with non conductive fibers. Production method needs to be researched but Filament Winding seems to be the right candidate process. In particular the design and manufacturing of sleeve component is targeted. Thus the project will look for a cost effective way of producing these sleeve components in these composites material while ensuring to withstand with requirements. The aim is to get a cost effective way of manufacturing.",,
115,101101955,SMR ACAP,SMR aircraft architecture and technology integration project,"The SMR Aircraft Architecture and Technology Project (SMR ACAP) shall be the central place to assess and integrate all technologies at aircraft level, from across the projects in the SMR pillar. Establishing the link to projects with relevant technologies in the other Clean Aviation """"Pillars"""" and transverse projects associated with novel certification methods is part of the work plan of the project. The setup of the ACAP project is tailored to steer and manage the definition of the targeted SMR aircraft configurations with all key performance features required for the SMR architecture. In order to accelerate the maturation of the SMR aircraft technologies, ACAP will provide a digital collaborative framework with tools, means and skills enabling to continuously link all R&T activities within the SMR pillar (strongly linked to other Clean Aviation pillars) to deliver solutions meeting the Clean Aviation high level goals: reduce the greenhouse gases by -30% compared to a 2020 state of the art technology",,
116,680954,PropMat,Support to Future CROR and UHBR Propulsion System Maturation,"In the framework of the Large Passenger Aircraft ITD of Clean Sky 2, the industrial partners Airbus & Safran pushed the CROR low fuel burn propulsion concepts to TRL6, towards a flight test demonstration program. The activities proposed in this document will make a valuable contribution to this program. In addition PropMat provides valuable support to the implementation of the Airbus roadmaps for numerical methods for UHBR fan aeroacoustics, for UHBR aerodynamics, for experimental methods for aero-acoustics in Clean Sky 2, and for the SAAFIR UHBR Wind Tunnel test. The activities comprise: UHBR numerical aero-acoustic characterisation, UHBR Wind Tunnel experiment methods for SAAFIR (including fan design), and advanced UHBR wind tunnel test data analysis. In Clean Sky’s Smart Fixed Wing Aircraft, NLR supported Airbus & Safran with manufacturing the highly complex wind tunnel test rigs that laid the basis for the technical dossiers available today on CROR. Accurate numerical aero-acoustic simulations techniques were developed at NLR. In close collaboration with Airbus, these were subsequently applied to CROR which led to a deep physical understanding of this innovative propulsion concept. The current proposal builds on the success story of Clean Sky. It ensures a head start on pushing the frontiers of our current knowledge on novel CROR & UHBR propulsion concepts. In conclusion, NLR holds an impressive track record on engine integration support and is well equipped to carry out the proposed research.",,
117,255797,VELOCIRAPTOR,Development of Synthetic Jet Actuator Hardware for the Green Regional Aircraft Low Noise Configuration,"Call JTI-CS-2009-1-GRA-02-003 requires an effective, efficient and reliable Synthetic Jet Actuator (SJA) system to be supplied as a complete plug-and play unit for wind tunnel testing. Based on recent experience gained in the EU FP6 AVERT programme in which this capability was demonstrated, the University of Manchester (UoM) proposes to develop such a system in conjunction with the manufacturing and windtunnel operational expertise of the Aircraft Research Association (ARA). The proposal has the potential to considerably advance the state of the art in SJA technology through use of a novel scalable cantilever based electro-mechanical conversion element. The AVERT system and others show that UoM and ARA will have the ability to produce an advanced system based on the best realization of the current diaphragm-based concept as a risk reduction measure, in order to ensure that the objectives of the call are met.",,
118,999903,SFWA,JTI-Clean Sky 1-Smart Fixed Wing Aircraft-Integrated Technology Demonstrator,"SFWA - Smart Fixed Wing Aircraft: SFWA is developing two major large transport aircraft technologies the first mainly related to the drag reduction by using laminar flow and known as 'smart wing', and the second related to the integration of advanced (ultra-) high bypass propulsion concepts such as Open Rotor. The objective is to achieve maturity levels in both technologies to a status close to a potential application through major, dedicated large scale ground and flight demonstrations.",,
119,101007567,CICLOP,Characterization of the Interaction between wing and CLosely Operating Propeller,"Scheduled commercial transport volume is continuously growing, representing the global megatrend """"Mobility"""". The subsequently higher number of aircrafts requires new and low energy concepts to achieve the European goals for sustainable aviation. Distributed (Electric) Propulsion (DP/DEP) is such new technology which opens up the design space and promises significant increase in overall aircraft efficiency while reducing emissions. A sound and reliable prediction of the aerodynamic effects of DP/DEP and close wing coupling at high-lift based on aerodynamic models and simulation is not yet available. The overall objective of CICLOP is to close this gap by providing high fidelity experimental data that allow for a leap in aircraft performance due to efficient synergetic use of DP and wing interaction. The most dominant design parameters, driving the sensitivity of positive as well as adverse aerodynamic effects will be identified and quantified. The results will thus significantly increase the conceptual and pre-design know-how for DEP/DP driven aircraft and allow for off-design performance prediction and sensitivity identification.Therefore, the CICLOP project members will:• Build and test a versatile wind tunnel model coupling three propeller sizes of different thrust to a wing of 0.8m chord including a high-lift flap, droop-nose a deflectable spoiler.• Identify aerodynamic interactions mechanism up to flow separations by the means of local static pressure measurement combined with oil flow visualization, hot-film techniques and PSP.• Assess the design parameters for propeller design and propeller to wing coupling.• Strengthen the competitiveness of the EU industry and supply in the field of new technologies for regional aircraft, following REG IADP activities for preliminary studies on hybrid/electrical regional aircraft configurations.The CICLOP total grant request is 847.688€ and will be conducted within 28 months.""""",,
120,255783,ADOCHA,Acoustic Design Of High-lift Architectures,"Regulation of the sound production of aircraft is becoming stricter, in part due to an increase in the noise generated due to the rising numbers and size of aircraft. As a result identification and reduction of the major sources of sound, particularly in the take-off and landing phases when the aircraft is close to population centres, is paramount. High lift devices, particularly during the landing phase, are a major source of airframe noise. As a result there is a requirement for a tool to allow the acoustic properties of a high-lift configuration to be determined buring the design process. The purpose of this proposal is the development of such a tool.",,
121,737992,TAMI,Tests for leakage identification on Aircraft fluid Mechanical Installations,"The project aims to develop innovative methods to make on-ground leak testing more efficient, ecological and faster in aeronautical industry environments, reducing costs, time to market and toxic wastes due to standardization on test procedures and testing using non-polluting means.  The project will draw on TQC's in-depth knowledge of leak testing techniques, our wide experience of fluid mechanics and applied sealing systems that have been used to test aircraft fuel tanks, fuel transfer systems, aircraft hydraulics, fire extinguisher systems and leading edge ducts on the latest aircraft structures that use modern materials.Recently TQC has constructed complete sophisticated PC based control systems for leak testing fully constructed wings using a) tracer gas (Helium and Hydrogen) techniques for fuel tanks and fuel transfer systems, b) complete wing hydraulic testers for flushing at a Re No. 4,500 with particle size monitoring and then pressure testing to 4,500 psi using Skydrol, and c) testing lower pressure systems for leading edge duct, gas inerting and for fire extinguisher systems using pressure decay techniques.TQC has a significant portfolio of leak testing projects in a range of industries including aerospace, automotive, nuclear, medical device, pharmaceuticals and renewable energies.  Our Engineers are experienced in the use of:-1. Tracer gas;  hydrogen gas handling and the use of hydrogen sniffing sensors, helium and the engineering of sophisticated high pressure systems combined with high vacuum helium mass spectrometers for high production throughput short time cycle testing of aircraft fuel transfer systems2. Differential pressure decay systems for testing smaller test volume parts.3. Pressure decay systems for testing larger test volume parts and pipework systems.4. Ultrasonic bubble mapping for the testing of automotive fuel tank systems.5. Air under water systems for visual observation of leaks.",,
122,323336,LIGHTBOX,LIGHTWEIGHT COMPOSITE BUS SYSTEM HOUSING FOR EXTREME ENVIRONMENTS,"Conventional racks for avionics are made from metal. Most of the avionics fielded today offer a monolithic architecture in form closed box packed with electronics and lots of connectors at the front or the back with corresponding heavy cable harness. More recent developments go for modular avionics, packing electronics with standard dimensions and connectors that assure physical interchangeability.The proper housing protects the electronics against the environment, ensures EMC and supports the thermal management. In order to reach higher power density and lower costs the optimisation of the housing is a must.The amount of electronically controlled tasks in modern aircraft is increasing steadily and also the contribution of racks for avionics to the overall weight of an aircraft has reached a magnitude that requires an analysis to obtain mass reduction.Modern structures built in composite technology are able to provide important mass savings with respect to conventional designs. The advantages of high performance composites are many, including lighter weight, the ability to tailor lay-ups for optimum strength and stiffness, improved fatigue life, corrosion resistance and, with good design practice, reduced assembly costs due to fewer detail parts and fasteners.Composite enclosures can be made significantly lighter than machined aluminium enclosures and may be produced at an affordable cost provided a modular approach is followed while possessing equal or better mechanical and thermal performance.The objective of the present work is the development of a lightweight “open box” ARINC housing (ARINC standards) which withstands vibration levels C/C1 according to RTCO-DO160.A lightweight and modular composite solution is proposed. Using advanced fibre-reinforced composite materials, a 40 % of weight reduction in the housing is estimated.""""",,
123,101114776,ImAFUSA,Impact and capacity Assessment Framework for U-space Societal Acceptance,"ImAFUSA focuses on quantifying a variety of understudied factors influencing societal acceptance of UAM in urban, peri-urban and inter-urban areas, especially when these are deployed using U3 and U4 services. We aim to deliver an “Impact and capacity Assessment Framework for U-space Societal Acceptance” (ImAFUSA) to assist Local Authorities and other U-space stakeholders and users with the delivery of socially acceptable and beneficial UAM deployment in cities. The framework and its tools will provide insights in 3 major areas influencing societal acceptance: environmental impact (including noise, visual pollution and air quality), safety and socioeconomic impact (including affordability, accessibility, economic development, public space use and connectivity). In each area, innovative performance indicators will be described while mathematical formulas and algorithms will be developed to quantify them. Data on citizen noise perceptions, perceptions on visual pollution, safety perceptions and overall UAM acceptance will be collected during 3 immersive citizen experiences of UAM applications in the city of Athens, Greece. The usability of the developed indicators will be tested in a simulation environment simulating real future use cases with a varying volume and configuration of movements in U-space. Through the collaboration of the Partners and the Advisory Board, ImAFUSA facilitates the flow and co-creation of knowledge and 10 innovative tools between higher education (HEI), innovative SMEs, Local Authorities and National Aviation Authorities. ImAFUSA´s developments benefit a variety of stakeholders including Local Authorities, policy-makers, U-space service providers, ATM/UTM planners and operators, drone manufacturers, environmental agencies and citizens above all.",,
124,213414,FUTURE,Flutter-Free Turbomachinery Blades,"FUTURE brings together European and international well reputed centres-of-excellence in order to reach major scientific & technical objectives in striving towards flutter-free turbomachine blades. By advancing the state-of-the-art in flutter prediction capabilities and design rules, the FUTURE project will lead to benefits in terms of decreased development cost, reduced weight and fuel consumption, and increased ability to efficiently manage flutter problems occurring on engines at service.  Eight interconnected turbine and compressor experiments will be performed in the project, in combination with numerical modelling of vibrating blades and the related unsteady aerodynamics. Cascade experiments will be employed to study unsteady aerodynamic properties in detail. These tests are supporting more complex rotating turbomachinery tests (turbine and compressor) to study the addressed phenomenon in engine-typical environment. The knowledge from both component tests will be then condensed into “best practice” for both experimental and computational (CFD) set-ups, and will be used towards a combined effort of physical understanding of travelling waves and interferences between the vibrating structures and the surrounding fluid. The acquired knowledge is aimed to be employed by the aeroelastic specialists in the companies, research institutes and universities to identify updated and better aeromechanical design rules.  In the process of reaching this unique knowledge status a sophisticated, not yet available, measuring technique will be developed, and a new excitation mechanism will be implemented as back-up to the free-flutter experiments. Furthermore, a unique database with combined structural and unsteady aerodynamic results will be established and made available for further dissemination among the partners. This database will contain significantly more detailed data than any other existing database in the world.",,
125,821466,HIPNOSIS,Hardware Implementation of Pilot-Non-intrusive cOgnitive States Identification System,"With ever increasing air traffic and the fierce competition between airlines, cost reduction is exerting more and more pressure on airlines, inevitably transferred to pilots whose profession becomes increasingly demanding. The adoption of new ground technologies has the potential to increase safety while decreasing operating costs. Platform 3 of LPA IADP aims to develop disruptive flight-qualified cockpit operations concepts by a major design re-thinking towards a “human-centric” approach to operate aircrafts. The ultimate goal is to reduce crew workload, improve fatigue-related safety, situational awareness and support disruptive cockpit operations.HIPNOSIS will contribute to develop the next generation cockpit by providing a hardware and software implementation of smart sensors to monitor cognitive states such as drowsiness and fatigue, which will allow a great leap in flight safety. HIPNOSIS approach is to implement two sensing systems: (1) a vision-based system integrated in the cockpit dashboard to continuously monitor the pilots in the cockpit and detect suspicious behavior linked to drowsiness and (2) a smart wristband which will sense several bio signals through advanced optical sensing technologies, before, during and after the flight. The system will be interfaced to a “pilot state monitoring system” resulting from a previous development in Platform 3 of the IADP. The system design shall be compliant with aircraft cockpit installation, the operational environment and pre-certification requirements to reach TRL6, which will be verified after successful deployment in a Falcon 7X cockpit.The HIPNOSIS consortium brings together partners able to cover the whole value chain of innovative product development: SERMA Engineering (F), an OEM for aeronautical equipment, CSEM (CH), an RTO experienced in innovative technologies and INNOV+ (F) a startup company developing and selling standalone systems for cognitive states monitoring for the automotive industry.",,
126,101255537,OSYRYS,On-board SYstems Relevant for hYbridization of Regional aircraftS,"The achievement of the ACARE emission reduction targets, in combination with the projected growth in new aircraft deliveries, requires the aviation industry to do a further step, by drastically shifting towards electric/hybrid-electric propulsion also for larger aircraft, thus resulting into high electrical power distribution levels. The latter introduce new challenges in terms of electrical power generation & distribution, thermal management and energy management technologies to safely manage on board electrical power at these MW power levels. As a continuation of HECATE and TheMa4HERA projects, the OSYRYS consortium is uniquely positioned for the development and maturation of these technologies, targeting testing and integrated demonstration at TRL6 of electrical power generation & distribution solutions, thermal management solutions and avionics solutions for energy management relevant for future Ultra Efficient Hybrid Electric Regional Aircraft, in line with the objectives of REG-02 and the Clean Aviation SRIA.The OSYRYS consortium unites 14 industries of which 2 aircraft OEMs (ATR and AIRBUS), 5 SMEs and the others, including the coordinator, are industry leaders on aerospace electrical power generation and distribution system, but also thermal and avionics systems. This is complemented by 6 RTO institutions. 4 organizations are newcomers of which 2 are newcomers to aeronautics, providing spin-in from other industries or research fields. The participants are spread over 7 European countries.This ambitious 60-months programme, valued 55,5 MEuros for a grant request of 40 MEuros, will be implemented in tight relationship with REG-01, REG-03 and ACI-01 topics.",,
127,314544,RECONFIGURE,REconfiguration of CONtrol in Flight for Integral Global Upset REcovery,"Commercial aircraft fault tolerant control (FTC) strategies in the flight control system (FCS) are based on fail-safe approaches whereby a nominal control law is switched first to a robust solution and then if necessary to a direct law controlling the actuators surfaces. Each component of the control law set is designed off-line and has a different level of robustness and performance. The reasons for this conservative FTC approach are:1. Lack of demonstrated maturity of reconfigurable guidance and control (G&C) methods for commercial aircraft.2. Lack of research in the practical interaction limitations between reconfigurable G&C systems and estimation / diagnostic systems.3. A definite gap on the clearance problem for such G&C systems.The goal of RECONFIGURE is to investigate and develop aircraft G&C technologies that facilitate the automated handling of off-nominal events and optimize the aircraft status and flight while maintaining, or even improving, its safety level. These technologies will extend the operation of the current G&C functionalities that assist the pilot and optimize the aircraft performance. Thus, the aim is to provoke a change in aircraft transport towards: “Full-time, all-event availability of performance-enhancement electrical fly-by-wire”This will be achieved by developing:- Advanced parameter and fault estimation/diagnosis approaches.- Reconfigurable G&C approaches.- Integration and integrated approaches for estimation, diagnosis and G&C.- Advanced clearance approaches for such systems.The investigation will focus on off-nominal/abnormal event scenarios directly affecting the aircraft flight control system. The techniques will offer the capability to adjust and adapt to the abnormal event during flight.",,
128,820516,FIVER,"Innovative solution for FMS computed trajectories validation by means of pilot actions emulation, comparison with PANS-OPS criteria and data mining techniques.","This proposal combines the skills of CGX AERO in procedure design, cartography and aeronautical software development with the expertise of SCALIAN EUROGICIEL in big data and data mining techniques to set up an innovative platform for a new philosophy of FMS trajectories validation.The consortium proposes to address first a larger scale of trajectories testing by gathering reference trajectories, directly issued from procedure designers and validated by the customers as well as providing scripts emulating pilot actions (virtual crew module), resulting in the generation of a large number of computed trajectories. CGX AERO's expertise in procedure design will allow finding out the right moments during the flight and the right places along the flight procedures where to insert the perfect and unexpected/imperfect actions from the crew, to obtain the most relevant panel of trajectories.To address the comparison between a FMS computed trajectory and a theoretical trajectory, a set of algorithms based on procedure Ground Validation (data integrity, business rules verification, ARINC 424 coding rules, 4D simulation, obstacle assessment) and on-the-fly computation of PANS-OPS Protection Areas will be defined. This will ensure finding the correct threshold beyond which an outlier comes from a procedure design issue instead of a FMS computation issue.SCALIAN EUROGICIEL's expertise in big data and data mining techniques will allow setting up a data warehouse, with data analytics tools in order to run and store the results of the millions of trajectory comparisons that will be performed.",,
129,892002,SINAPSE,"Software defined networking architecture augmented with Artificial Intelligence to improve aeronautical communications performance, security and efficiency","The SINAPSE project aims at proposing an intelligent and secured aeronautical datalink communications network architecture design based on the Software Defined Networking (SDN) architecture model augmented with Artificial Intelligence (AI) to predict and prevent safety services outages, to optimize available network resources and to implement cybersecurity functions protecting the network against digital attacks",,
130,255730,ASE-TB,"Design and development of an Adaptive, Smart and Eco-efficient Test Bench for synchronized testing of linear actuators in the aeronautic sector","The ASE-TB project will design, manufacture and tune an innovative and smart Test Bench for linear actuators that will be capable of conducting synchronized tests on two linear actuators of the same type while applying different loads on them. The test bench will also include a thermal chamber for conducting tests at regulated temperatures with one of the actuators. This actuator test bench will be based on a modular, eco-efficient and adaptive concept by integrating easily exchangeable hydraulic and mechanical components with sensors and control strategies that will allow automatic and autonomous safety controls as well as energy saving approaches that will assure optimised lifecycle costs and environmental impacts during endurance tests. This innovative concept of actuator test bench will mean thus a positive impact on the safety and working conditions of the end users of the Test Bench as well as a reduction in the time and costs associated to testing linear actuators together with an increase in the quality and reliability of said tests.",,
131,101101946,fLHYing tank,flight demonstration of a Liquid HYdrogen load-bearing tank in an unmanned cargo platform,"The fLHYing tank project aims to flight-test a 1,000-liter flight-load-bearing vacuum-insulated composite LH2 tank in the Pipistrel Nuuva V300 cargo UAV. This project proposal is disruptive in several perspectives: (i) definition of requirements, design, manufacturing and qualification of a relevant-scale flight-load-bearing fully composite liquid hydrogen tank, (ii) accelerated acquisition of knowledge via flight-testing low-TRL hazardous technologies using UAVs, and (iii) effective application of the knowledge via calibration of a fluid-dynamic, thermal and structural digital twin of a composite LH2 tank using flight test data for advancement towards digitalized certification of aeronautical technologies.The fLHYing tank project covers the disruptive maturation of lightweight liquid hydrogen storage systems via the accelerated acquisition of knowledge on flight operation of LH2 tanks, as required by the demonstrator strategy of the Clean Aviation Strategic Research and Innovation Agenda.The main impact of the fLHYing tank project is the unprecedented reduction in the time-to-market of revolutionary technologies in the aeronautical industry, thanks to the ground-breaking fast-track flight testing of a relevant-scale composite LH2 storage system using a UAV, achieving comprehensive understanding of the behaviour of LH2 tanks in the flight environment within minimum timeframe, risk, and cost. This ambitious goal can be achieved within the 1st phase of the Clean Aviation Programme thanks to the fLHYing tank project.",,
132,101007871,HELACS,Holistic processes for the cost-effective and sustainable management of End of Life of Aircraft Composite Structures,"HELACS will be based on i) previous results of end of life aircraft management projects (such as PAMELA or AIMERE), ii) the review of recommendations and standards for aircraft disassembly and aircraft materials recycling (such as the developed for the Aircraft Fleet Recycling Association - AFRA) and iii) the experience and support of the biggest Maintenance, Repair and Overhaul (MRO) entity in Europe, Teruel Airport (PLATA), to implement a cost-competitive and energy efficient solution for dismantling and recycling Carbon Fibre Reinforced Polymer (CFRP) components. To do this, stakeholders of multiple areas of the aircraft designing, manufacturing and recycling value chain will collaborate during the project, through a Responsible Research and Innovation (RRI) approach.Thanks to this multiactor approach, HELACS will properly include the European Industry necessities when the current dismantling and recycling processes will be improved to properly manage CFRP components, now and in the future, by transferring innovative technologies and systems in two main pillars: •Flexible and Portable Robotic Platform with machine learning capabilities and dedicated tools for CFRP cutting and debonding •Recycling and valorisation technologies based on optimised pyrolysis processes for improving carbon fibre recycling yield and sizing formulation for improving carbon fibre functionalitiesDuring HELACS, these processes will be developed, validated and demonstrated in the Teruel airport facilities to improve the recyclability of CFRP components by 40%, increase workforce safety and satisfaction by 70%, allow the value retention of recycled carbon fibres by 85%, reduce the CO2 emissions by 50% and increase the profitability by 30%. Finally, the exploitation and dissemination of HELACS results will mobilise more than 30 € million and generate more than 750 new direct jobs by 2030 by transferring the new dismantling and recycling processes to the European Aeronautic value chain.",,
133,314335,JEDI ACE,Japanese-European De-Icing Aircraft Collaborative Exploration,"JEDI ACE aims to provide an innovative concept of an integrated ice protection system: an inte-grated approach, consisting of combined passive anti-icing coating, active de-icing devices and ice sensors. The system will be applicable to aircraft wings and will support an important technological milestone: the composite wing concept, which today includes also morphing properties.The JEDI ACE consortium, consisting of European and Japanese partners, determined three technical objectives for the integrated ice protection system:1.An active de-icing device based on electro-thermal and/or mechanical actuation, combined with supporting passive anti-icing coatings2.An ice sensor system for real-time measurements of ice accretion on aircraft structures,3.An integrated ice protection system with complementary components for excellent operation properties.The work in JEDI ACE will result in validated design concepts and lab-scale prototypes for the future generation of integrated ice protection systems.The design will contribute to:•prevention of ice buildup on leading edges,•improved in-flight ice assessment,•improved aircraft safety•reduced energy consumption during de-icing procedures,•reduced de-icing procedures on ground,•compliance with design constraints of composite wings including morphing properties,•compliance with bleed-air free engines and all-electric aircrafts,•compliance with other surface and coating requirements like resistance against erosionThe JEDI ACE consortium will develop evaluation devices for all determined objectives on the basis of newest scientific knowledge, combined with appropriate test sessions to validate the performance of the components and deliver the design concept of an integrated ice protection system. This ambitious goal will be achieved by combining the specific SoA competencies through close multinational collaboration.",,
134,755515,ALMAGIC,Aluminium and Magnesium Alloys Green Innovative Coatings,"The aeronautic industry is constantly striving to reduce the aircraft operating costs, increase their payload and reduce the environmental impact during the whole life of the product. Metallurgy has played a key role in the development of aviation. With the use of light alloys, as aluminium and magnesium, new applications have been found to apply these to fastly improve existing designs.The disadvantage of using these materials is that they are particularly susceptible to corrosion. Environmental degradation is a limiting factor for magnesium–aluminium (Mg–Al) alloys in outdoor applications. An effective way to protect alloys from fast degradation or reduce to the degradation rate is surface treatment. Hexavalent chromium has served as the primary means of corrosion protection in the aircraft industry since 1936 and allowed for the distinctive bare-metal finishes of the World War II era. Hexavalent chromium is a known carcinogen, with the major route of exposure through inhalation of vapours or dust. The chromates are among the current chemicals for which industrial users must find substitutes, or request authorisation from EU regulators to continue their use. In the case of chromium trioxide and the acids, the application deadline is March 2016 and the “sunset” date for the substances is September 2017.Therefore, there is an urgent need facing the aerospace industry to replace the conventional corrosion inhibitor, hexavalent chromium. Regulatory and market drivers are motivating a global effort in the aerospace industry to replace hexavalent chromium-containing materials with hexavalent chromium-free alternatives for various applications.ALMAGIC project is focused on solving the aforementioned problematic by validating the developed innovative alternatives to chromium(VI) coatings for aluminium and magnesium alloys. ALMAGIC will ensure the developed solutions comply with the REACH regulations, while all quality standards are met.",,
135,620068,MANOEUVRES,Manoeuvring Noise Evaluation Using Validated Rotor State Estimation Systems,"The MANOEUVRES project aims at the demonstration of the feasibility of an innovative approach to noise abatement in rotorcraft terminal manoeuvres based on in-flight measurement of the rotor state. In particular, a novel sensor system for rotor tip-path-plane angle of attack will be designed, developed and tested together with the necessary signal conditioning, in order to assess its capabilities in view of application on production helicopters. This sensor will be integrated on-board an actual helicopter for on-ground demonstrations and validation. Based on the availability of this new sensor, an algorithm will be developed that, together with other vehicle data (such as airspeed), will enable the run-time estimation of the emitted noise.  This algorithm will exploit an acoustic data prediction process resulting from a dedicated study, which includes the analysis of the dependency of acoustic emissions on actual (unsteady) flight conditions as based on steady, quasi-steady and full-unsteady approaches, as well as the examination of the sensitivity of the emitted noise with respect to perturbations of a given trajectory. The results from the acoustic prediction processes considered will be correlated with experimental data provided by the GRC5 consortium. A human-machine interface will be designed according to aeronautical standards to provide useful information to the pilot in terms of emitted noise, allowing for flying low noise procedures with improved awareness and effectiveness. Preliminary testing will be carried out to assess compliance of this noise indicator with piloting requirements. The team involves Politecnico di Milano technical university; University of Roma Tre; Vicoter, a SME specializing in mechanical design, analysis, and testing; and Logic, a SME specializing in the design, implementation and testing of certified software and hardware for aeronautics, including rotorcraft systems.",,
136,234092,AEROAFRICA-EU,Promoting European - South African Research Cooperation in Aeronautics and Air Transport,"The intention of this proposal is to create a platform for enhancing aeronautics and air transport research and development (R&D) cooperation between the EU and SA, and to explore the potential for and, where appropriate, to promote the participation of other African countries in such cooperation.  The overall objectives for AEROAFRICA are: • To explore the potential for enhancing cooperation through an analysis (mapping) of aeronautics and air transport R&D cooperation between the EU and SA, as well as other African countries; • To develop and enhance networks and partnerships between EU, SA and other African researchers and organisations in identified technical themes ideally suited for mutually beneficial aeronautics and air transport R&D cooperation. • To promote SA and African participation in the aeronautics and air transport activities of FP7 through focused information and advisory services, and • To establish an aeronautics and air transport R&D policy dialogue between the EU and SA, as well as other African partners, so as to also support economic and development cooperation.  The proposed AEROAFRICA initiative represents the first attempt to significantly capture the aeronautics and air transport capabilities and needs of the EU and SA in a complementary manner, useable as qualitative tools to enhance further co-operation.  AEROAFRICA’s success and impact assessment will be based on: • An overall increase in participation in FP7 by the SA and identified African aeronautics research communities; • Success in bringing about increased networking and partnering in the aeronautics R&D community, measured by determining the greater extent of FP7 consortium arrangements, and range and number of EU partner organisations with which SA and identified African countries collaborate; and • The extent to which cooperative relationships are leveraged through joint identification of needs and priorities for collaboration.",,
137,605512,AERODAYSUK2015,Aerodays 2015 - Aviation for Growth and Sustainability,"The project covers the provision of the Aerodays event in 2015, which the participants propose shall take place in London, UK. Aerodays2015 will be a four-day event attracting some 800 visitors from across the European, and beyond, aviation and aeronautics sector . It will comprise of technical reviews via conferences and poster sessions, high-level policy briefings and debate, and a technological showcase of EC-sponsored research outcomes in the form of a large exhibition and technology demonstrators.  The Event will disseminate results and demonstrations from flagship programmes in the sector such as SESAR and CleanSky, and will also encompass social and networking activities to stimulate future collaborations within Horizon2020. Aerodays2015 will make provision for the inclusion of young researchers to ensure the ‘next generation’ are engaged with future programmes and recent developments.The proposal is led the UK’s Trade Association in the sector with support from the Aerospace Knowledge Transfer Network , with whom ADS Group Ltd has a contractual relationship. The proposal is supported by UK Government, in the form of the Department for Business, Innovation and Skills, including Ministerial support, time in kind and financial sponsorship. There is also substantial Industry support coalesced around the proposal in the form of in-kind contributions in support of various aspect of the event, as well as direct monetary support in the form of sponsorship. The Royal Aeronautical Society has pledged its support to the successful delivery of this event and will coordinate efforts across the Council of European Aeronautical Societies.The proposal team will work with transport, hotel and other providers to ensure a cost-effective Aerodays2015 that proves affordable to participants and excellent value for money for all stakeholders. The project team will work closely in collaboration with the EC to ensure high-value, current and relevant content for the event.",,
138,101017626,PJ38-W3-ADSCENSIO,ADS-C ENables and Supports Improved ATM Operations,"The proposal is part of the general principle of Trajectory Based Operations, aiming at improving various features of Air Traffic Control thanks to a better anticipation of how flights would behave.During the execution of a flight, major elements to feed an accurate and reliable trajectory prediction -or alternate scenarios- can be provided by the aircraft itself. These elements can be: wind conditions, speed schedule or the trajectory prediction computed by the aircraft navigation system itself, which consists in a suite of positions, altitude and time (“4 Dimensions”).Some aircraft operated by European airlines already have the capacity to send those elements via a datalink communication application.The objectives of the proposal are to demonstrate both:·        the improvements that can be achieved in many common operational situations that Air Traffic Controllers have to manage, and·        the efficiency and robustness of a technological infrastructure to support the datalink communications between the aircraft and various ground consumers for trajectory related exchanges.Implementation of technical and operational solutions will primarily induce a reduction of Controllers’ workload in high traffic condition, hence enhancing airspace capacity. Another effect resulting from earlier and assisted Controllers decision will allow to reduce flight delays, fuel burn and CO2 emissions. They are key to reach the target set for aviation industry in the perspective of reducing its environmental impact.PJ38 continues previous SESAR initiatives and is the main contributor to prepare the industrial implementation as required by the Common Project #1. The associated implementing rule demands by 2027:·        the European Air Navigation Service Providers’ ground systems to be capable to make use of aircraft trajectory data·        45% of flights in Europe to have the capacity to share trajectory.""""",,
139,641336,FUSES 2014,CURRENT LIMITING DEVICE TO ADDRESS DC AERONAUTICS POWER DISTRIBUTION SYSTEMS,"Electrical Power Distribution Systems (EPDS) employed among others in Aeronautics are usually protected by active electronic driven switching components. In order to reduce response time and simplify protection driving, fuses are being considered as one of the prerequisite for the CleanSky HVDC network.The development of a new generation of hybrid and/or full static current limiter solutions, able to operate above 51000ft, is crucial for specificities of aircraft applications. From one side fuses technologies could be adapted to parts of the requirements but may not fully comply. On the other side, the material properties of Silicon Carbide as semiconductor, clearly superior to those of Si, should lead to enhanced hybrid current limiters with much better performance than conventional fuses or Si based solutions.Pooling a leading fuses and protection devices manufacturer, and two research groups, FUSES 2014 aims at a breakthrough in current protection technology to build either a hybrid and/or a full static current limiter solution with different benefits than existing solutions. Well stablished and new methodologies will be adapted to fuses and SiC technologies and optimized to make them a practical reality.The main targets are study, optimize two solutions and validate the optical module following DO160 standard adapted to high DC voltage networks to be integrated into aircraft EPDS:• A required specs Silver fuse and specific package.• A SiC current limiter using existing SiC FET technologies plus its optimal packaging configuration.",,
140,945548,GAM-2020-REG,REGIONAL AIRCRAFT 2020-2023,"An aircraft that can transport between approximately 30 and 100 passengers, and is intended for short and medium haul flights can be considered to be a Regional Aircraft. The challenge is to improve the passenger experience so that regional aircraft offer a comparable level of inflight comfort, free from noise and vibration, with a comfort level comparable or better than today’s modern jets and with a reliability of service well beyond today’s service into small and regional airports.The global strategy of the REG IADP is to integrate and validate, at a/c level, advanced technologies for regional and multi-missions aircraft, so as to drastically de-risk their integration on future products. The goal is to accelerate the innovation enabling regional and multi-missions vehicle products and services that will bring significantly environmental and socio-economic benefits as soon as they are technically and economically viable.",,
141,886513,INSAT,INNOVATIVE SYSTEM FOR AIRCRAFT FUNCTIONAL TESTING,"The objective of the proposal is the design and development of an innovative system for the functional testing of aircraft.  The key development and innovation points are:  Autonomous working mode, potentially in the absence of the operator, along with the autonomous management of the failures (smart assistance for error management); should a failure be detected, the system will propose the possible causes, also generating a non-compliance form, without the intervention of one operator.   Shrink the time needed to produce a complete ATP (Acceptance Test Procedure), along with the necessary reporting.  Distributed architecture: the complexity and wired links length is significantly reduced by adopting a multi-function main unit, wireless connected with interchangeable peripherals and thus simply placing a single (small) unit near the device to be monitored.  High modularity, achieved by: 1) a variable number of boards that can be plugged on the bus; 2) different peripheral modules that can be included in the architecture.  Completeness: the test bench will perform a complete sequence of tests, providing the stimulation signal and verifying the correctness of the results.  Logging: the results achieved by each individual test will be recorded, ensuring the future traceability (logging mode active for both the main unit and peripherals).  The architecture of the system will consist of:  1) a rugged PC, working as a global controller, connected with the company server.  2) a series of peripheral units, connected with the measurement points and wirelessly linked to the controller.",,
142,101017702,AMU-LED,Air Mobility Urban - Large Experimental Demonstrations,"The revolution of Urban Air Mobility encompasses new concepts of operations, business cases, applicable regulations, and stakeholders and end users. This new business sector needs to be secured, invented, refined, structured and industrialized while staying sustainable and interoperable within the U-space framework.U-space and Urban Air Mobility (UAM) are topics where a fast increase in research, innovation and real use implementation is previewed in this project, where SESAR is highly interested to foster and facilitate the development of avant-garde solutions in UAM.In the near future, safe, secure, green and acceptable UAM solutions will bring seamless freight, emergency, security and mobility services. Operators, Regulators, Traffic Management, End Users, Public and Airborne industry must collaborate to ensure UAM vehicle airworthiness and viable operations.The consortium is composed of all relevant stakeholders:•Aerospace Research Institutes•Aerospace Universities•UAS and eVTOLs (Air Taxis)•Aviation and air traffic management engineering and consultancy•Aviation data management•Air Navigation Service Providers•Airport Authorities•U-Space Service Providers•UAS operators•Ground Infrastructure Providers (vertiports…)•Mobile Communication Service Providers•Advisory Board: National Civil Aviation Authorities, City Councils and Regional Governments, European bodiesThe study proposes to design and deliver a detailed concept of operations and definition of urban air missions followed by simulations and a large real flight demonstration campaign to verify and validate the concepts. Our project will allow UAM stakeholders to specify various Use cases applicable to logistics and urban transport of passengers, to design or integrate UAM environment, to test the UAS ground and airborne platforms and finally, to assess safety, security, sustainability and public acceptance.The flight demonstrations will accumulate more than 100 hours and flights.",,
143,619992,AIR,Active and Isolated Rectifier unit for more electric aircraft: Design and Manufacturing of a 10KW AC-DC Converter Unit (AIR),"New challenges for the Active and Isolated Rectifier Units (High performance TRUs) to support the MEA concept are demanding deep changes compared with the conventional TRUs. INDRA and CEI-UPM, the consortium that is presenting this proposal, has a wide experience in the area of high performance TRUs for the new aircraft requirementsThe basic architecture that allows for these high performance TRUs has three stages: 1) EMI filter to meet the EMI standards, 2) Active Three-Phase rectifier to control the demanded sinusoidal current (THD and PFC) as well as control the output dc voltage (VBUS DC) and 3) isolated dc/dc converter that provides galvanic isolation, adapts the voltage and power to the specifications (28V) and it can be in charged of some control capabilities (battery charge mode, voltage source mode, current source mode, some protections).Within this project, this basic architecture will be considered and compared with the multiphase solution (several converters shifted and operating in parallel) as well as some active and isolated rectifiers proposed in the state of the art. For the isolated dc/dc stage, advanced topology solutions with soft transitions will be analysed since they allow to operate at higher frequencies, reducing the weight of the final unit. A topology recently proposed by UPM-CEI [18] is really appropriate for this application since it presents almost zero switching losses.A review of the state of the art has been done and the consortium is proposing to meet about 1.5kW/kg for the whole EMI + AC/DC + isolated DC/DC. This objective is based on the experience in previous project, and it is a goal beyond of the state of the art (about +20% or +25% higher power/weight ratio). It is doable thanks to the use of high frequencies combined with soft switching techniques. Besides, the use of new SiC and GaN semiconductors will be analysed and consider in the design since they allow for higher temperature operation as well as higher frequencies.",,
144,863418,ATTILA,Advanced Testbed for TILtrotor Aeroelastics,"The ATTILA project is aimed at the design, manufacture and testing of an advanced testbed for aeroelastic wind tunnel testing of tiltrotor aircraft. The testbed will consist of a suitably instrumented aeroelastically scaled cantilevered half-wing with powered nacelle-proprotor system representative of the full-scale NGCTR-TD design. Advanced fiber optic sensor and contactless rotating power and data transfer techniques will be used. The design process, coupled with test iterations, is supported by detailed structural and aeroelastic simulations using a range of complementary codes. The ATTILA testbed will first be subjected to a wind-on shakedown test in the DNW LLF 6x6m test section in Froude scaled conditions. After the system functionality and structural dynamic characteristics have been verified, a second data gathering test will be performed in the NASA TDT heavy-gas transonic dynamics wind tunnel in simultaneous Froude and Mach scaled conditions, selected as subcontractor to NLR for its unique worldwide capability of meeting the full test requirements in terms of aeroelastic scaling capability, test Mach number, and model size. Testing will be performed in three mass/stiffness configurations covering 3x25 test points with test speeds up to the NGCTR-TD whirl flutter speed (at least M = 0.56). The proposed test campaign provides the highest possible fidelity experimental demonstration of the whirl flutter characteristics of the NGCTR-TD prior to high-speed flight testing in 2024-2025. Its productivity and safety will be ensured through the introduction of real-time modal damping analysis. The post-test data analysis phase includes a test-to-code correlation study in which the analytical models derived by the consortium are validated against the test results. Engaging a significant subcontractor (NASA), this 54-months €6,525,261 valued action is composed of 2 research centres (NLR, DLR), 1 non-profit foundation (DNW), 1 university (POLIMI) and 1 SME (Technobis).",,
145,265416,OPTI,Observatory Platform Technological and Institutional,"The monitoring of the implementation of the Strategic Research Agenda developed by the Advisory Council of Aeronautics Research in Europe to reach the 2020 goals is paramount to evaluate the progress, identify gaps, and inform the Air Transport Community of the state of progress.In this context, technical goals and institutional enablers were identified as key areas to address to be able to reach the Vision 2020 Goals.In order to provide continuity in monitoring activities, the objectives of the OPTI project are therefore to:- provide the Community with most up-to-date information on the state of progress with respect to technical goals and institutional enablers,- increase the level of oversight on each of the technical goals and institutional enablers, in quantitative & qualitative manner by providing access to a Knowledge base collecting relevant information on each topic,- offer the Community, especially in view of the preparation of a new SRA edition, the possibility to call on the expertise of reference groups established for each of the technical goals and institutional enablers.In the context of the OPTI project, two observation platforms will be further developed: one on Technology (TOP) and one on Institutional enablers (IOP). A final report presenting the state of progress will be generated covering data from European and National initiatives. A common Knowledge base will be created recording both information related to TOP and IOP. Links between IOP and TOP will be explored to refine the analysis at the global Air Transport level.The Air Transport Community will benefit from the set up and corresponding assessment of thesePlatforms to monitor progress, identify gaps and steer recommendations for the next edition of the Air Transport Strategic Research Agenda. This project will also increase the maturity level of the methodologies used for monitoring evolution and progress towards the Vision 2020 and beyond.",,
146,620094,LIGHTWELD,Development of welding technologies for light alloys aircraft structures,"Riveting has been the state of the art of joining technology for aircraft structures since decades. The necessary overlap joint demands a large amount of material which restricts weight savings. Furthermore, the riveting process is quite intensive in process time. The LIGHTWELD project aims at developing and adapting LBW and RSW for newly developed more weldable light alloys with the objective of:-Reducing weight through replacing the use of vast amount of rivets-Enabling the automation of joining and NDT processes for decreasing process timeThe project addresses the comparison of novel welding and conventional riveting processes in terms of fatigue and corrosion performance as well as environmental impact and manufacturing cost enabling the advance towards lightweight and eco-efficiency objectives. Project specific goals are related to (1) development of robust and optimised LB, RS and FSS welding for the joining Al-Li and Mg, (2) Reduction of component weight between 5 and 10%, (3) Reduction of operation cost until 20%, (4) Corrosion resistance improvement for example by means of new joint designs, (5) Inspection time saving due to the possibility of automating that process, (6) Knowledge generation in the field of dissimilar joining of Al-Li and Mg alloys and (7) Fabrication cost saving compared to aero-structures made of composite materials.The singular characteristics of the materials to be welded and weldability problems related to dissimilar metal joining make mandatory big knowledge and expertise, which are in this case provided by IK4-LORTEK as something essential for the good end of the LIGHTWELD project.The LIGHTWELD project will make possible to advance the welding technology for studied alloys, making it cost efficient and feasible for industry manufacturers of different markets. This will mainly open new manufacturing possibilities for European industry. Aircraft industry is the main target market, but other industrial areas are also to be considered in the future exploitation.""""",,
147,101101970,ECARE,European Clean Aviation Regional Ecosystems,"To reach Europe climate neutrality by 2050 as ambitioned by the Green Deal strategy, it is necessary to drastically reduce emissions from aviation. Clean Aviation Joint Undertaking has set out a very ambitious innovation programme to achieve this goal but it is also necessary to create synergy with the different aeronautical regional/national funding programmes in order to create leverage effects and maximise funding impact.ECARE project’s objective is to draw linkage between European/national/regional roadmaps and aeronautical stakeholders and co-create synergies through a pilot covering 4 major aeronautical European regions (Occitanie and Nouvelle Aquitaine in France, Hamburg Land in Germany and Campania in Italy) with the aim of creating a methodology expandable to other aeronautical European regions. ECARE digital platform will provide (i) a mapping of funding opportunities, relevant projects, scientific and industrial resources, (ii) a forum for exchange of information. The ECARE Stakeholders Group (funding bodies, clusters and other aeronautical stakeholders) will foster and spread ECARE methodology. After more than a hundred interviews with aviation players, national and transnational workshops will co-elaborate and provide recommendations for CAJU Phase 2 implementation by 2025.The consortium is composed of 3 major European aeronautical clusters (Aerospace Valley, Hamburg Aviation and Campania Aerospace District) and one Belgian SME specialized in aeronautics technology services (EASN-TIS). All are experts in their domain and other European aeronautical clusters will be involved inter alia via the EACP (European Aeronautical Clusters Partnership) partnership coordinated by Hamburg Aviation cluster. Eventually the project is expected to bring together more than 300 entities via the platform and 30 ECARE Stakeholders Group members that will collaborate on the synergy to help the European aviation achieve its ambitious goals.",,
148,296515,OREAT II,Open Rotor Engines Advanced Technologies II,"A principal contributor to affordable and sustainable public air transportation will be the introduction of more fuel-efficient propulsion systems, one of which is the Open Rotor Engine concept.  Unlike turbofans, open rotors must vary blade pitch to accommodate power and aircraft speed range, so a key element to the viability of the concept is the actuation and control of the blade pitch via the Pitch Change Mechanism (PCM). GE Company Polska, Warsaw Institute of Aviation and GE Aviation Systems Ltd (trading as Dowty Propellers) propose to build on the background of JT1-CS-2009-1-SAGE-02-001 as support for the SAGE 2 engine PCM.  The work packages proposed via this application will focus on the design, manufacturing and testing of key components associated with the down selected PCM concepts from JT1-CS-2009-1-SAGE-02-001. The proposal contains detailed design, manufacturing and assembly of key components and test benches, design and procurement of required instrumentation, key components maturation test plans, description of the test support and test data post processing. The deliverables from the programme will be the definition of the selected key components with 3D models, complete definition of test benches, evaluation of vendors and suppliers. All activities will be summarized in comprehensive reports. The work packages will be closely aligned to the key technologies maturation plans, in preparation for the ground demonstration of the open rotor engine.""""",,
149,233816,FAST20XX,Future High-Altitude High-Speed Transport 20XX,"The current project aims at the investigation and development of technologies and steps necessary for approaches to conquer the grey zone between aeronautics and space in Europe, and thus to set the foundation of a new paradigm for transportation in the long term. The underlying concepts considered are a) a European space plane based on an airplane launch approach to advance European know how in this area, based essentially on a ballistic flight experience using hybrid propulsion, and b) the same space plane envisioned to evolve into suborbital point-to-point long-distance transport in very short times by using high-energy propulsion. An alternative, vertically starting two-stage rocket space vehicle system concept is used to identify technologies required for suborbital ultra-fast transportation. The concepts will be addressed separately and in relation to each other as well as with those considered in other EC projects, exploiting similarities and synergies wherever possible. The concepts can be classified with near term and very long term realisation capabilities, and will be evaluated according to the maturity of underlying technology, inherent risk, sustained operations, and cost. All concepts and technologies will be considered with respect to environmental issues. Some activities concern the leagal issues and those of suitable space ports. Due to the recent agreement with Virgin Galactic, it is quite natural to consider the ESRANGE facility in Sweden an excellent candidate for a starting place of experimental high-altitude high-speed flights.",,
150,296489,RIFPA,Grooved paint surface manufacturing for aerodynamic drag reduction testing,"Experiences had been conducted in the 90's showing that longitudinal grooves actually reduce the aerodynamic drag. However, plastic stickers used in that period suffered inconvenient.In this programme, it is proposed to realize various shapes of grooved surfaces thanks to a new casting method, developed by the applicant.The project aims at providing ONERA with models covered with grooved paint of several profiles, in order to qualify the aerodynamic performance.After an initial study and process definition, paint films of different shapes will be designed and realised against molding surfaces. Then, films will be applied onto a model, to be further tested into a wind tunnel.The paint film process will use approved aeronautical paints with as little modification as possible, so as to prepare future application on aircrafts.""""",,
151,821344,CROSSONT,CROwned Spline Surface Optimization using New Treatments,"The main goal of the project CROSSONT is to provide surface treatment methods for crowned splines which are able to fulfil the requirement of reducing the risk of wear and minimizing the friction in the spline connections between shaft and gear. It is the consortium's firm conviction that outstanding surface properties for crowned splines in UHBR applications can be generated with a combination of laser and physical-vapour-deposition (PVD) processes. Modelling of the crowned spline will be conducted to predict its behaviour. In combination with the coatings, laser local hardening is to be used, and, on the other hand, laser textured gear steel surfaces are to be considered. The latter are becoming more and more important due to their tribological properties. It is mandatory that the results of the project are low in maintenance, highly reliable and allow long life time. The proposed laser based surface treatments technologies are laser local hardening, laser microstructuring and laser nanostructuring. Additionally, multi-layered coatings will be investigated in terms of PVD and in specific by reactive magnetron sputtering. These systems may be doped with silver in order to control heat balance or to introduce a wear indicator as a smart coating. The most effective methods will be identified by using a statistical test plan, which will also investigate the combination of such methods. While PVD is able to realise thin hard coatings to protect the surface from wear, the named laser processes can either reduce wear (e.g. laser hardening) and/or reduce the coefficient of friction (e.g. micro-/nanotextures). In general, laser local hardening can be considered as an almost established process, while laser texturing is still an innovative approach to further improve the surface properties of crowned splines. The most promising methods will be applied to full scale splines and evaluated in dynamic fatigue testing. The findings are summarized in a technical recommendation.",,
152,233543,SUPRA,Simulation of Upset Recovery in Aviation,"The aim of this research project is to investigate the usefulness of advanced flight simulator concepts for teaching pilots to detect and recover from flight upsets. The term “flight upset” indicates a situation when an aircraft in flight unintentionally exceeds the parameters normally experienced in line operations or training. Loss of control due to unsuccessful upset recovery is considered an important factor in civil aviation accidents. There is a clear need for the simulation of unusual flight attitudes, as a means to train pilots recovery procedures. Exercising these conditions in the real world is unsafe, expensive and, if performed in smaller aircraft, not representative of the situation in transport aircraft. Therefore, ground-based simulation of these extreme conditions is the only viable option for pilot instruction. However, at present, hexapod-based flight simulators used for pilot training are not equipped for this purpose, due to limitations of the mathematical aircraft models, and restricted simulator motion capabilities.  We believe that ground-based simulation of upset recovery is feasible when innovations in different research areas will be adequately combined. To demonstrate this, real flight tests will be performed with transport aircraft in unusual attitudes. The recorded motion profiles will serve to extend mathematical aircraft models with engineering tools. In addition, current motion cueing software will be innovated to reproduce the high G-loads and extreme attitudes representative to upset recovery. Then the simulator concept will be evaluated on a new generation flight simulator (DESDEMONA) with advanced motion capabilities, and compared to hexapod-based flight simulators. The final outcome will be a set of requirements for successful ground-based simulation of upset recovery, which will contribute to better pilot training to identify and recover from flight upsets. Hence, this project contributes directly aircraft safety.",,
153,278365,HiTME,High Temperature Electronics,"The migration of electronic control units from the engine fan-case to the core would be considered a huge benefit for the engine designer, reducing interconnection complexity and system weight, simplifying assembly and maintenance and providing key nacelle aerodynamic and bypass flow improvements.However, today’s engine control electronics, typically mounted on the engine fan-case, operates to a maximum temperature in the order of 125 deg C. If the control electronics were to be migrated to the engine core environment, it would be subjected to steady-state temperatures in the order of 2500C, rising to 3000C during transient engine behaviour. In this environment, today’s electronic control units would exhibit inferior performance, reduced reliability and extremely short lifetimes.The prime aim of the HiTME project is therefore to develop a safety-critical electronic system which can operate reliability when installed in the severe engine core environment. Central to this objective, will be the development, to TRL6, of electronic components and material technologies along with smart thermal and packaging designs that make the concept feasible.In order to design a product capable of withstanding the high temperatures associated with an engine core installation, whilst still maintaining performance (accuracy) and life, fundamental advancement in key technological areas will be necessary. The following areas are seen as the underpinning building blocks that will ‘enable’ a new generation product that will form the core of the research activity.•   Component Enhancement (HTSOI, SiC & Passive Components)•   Thermal Design (Cooling Technologies)•   Material Selection (Material Technologies)•   Packaging / Installation Design (Novel Packaging)•   Develop Test Methods (and Analyses)",,
154,734160,PJ15 COSER,Common Services,"The legacy of  Air Traffic Management (ATM)  evolution in Europe has resulted in today’s highly fragmented, country-based, services. A consequence of this fragmentation, there is a negative impact on the cost in the provision of ATM service in Europe.  A fundamental goal of the Single European Sky initiative is to “provide ATM services to airspace users at a cost of at least 50 % less”. The notion of Common Service aims to contribute to this goal. Common Services, defined as “a service that provides capability to consumers in the same way that they would otherwise need to provide themselves”, aims to mitigate this issue. Common Service approach follows a general principle within the Single European Sky initiative that encourages the harmonisation on the provision of common air navigation services wherever it is possible.The main benefit of this approach is to deliver enhanced cost effectiveness to both the providing and consuming organisations and this could in turn potentially benefit the whole chain in the European air transportation business, making it more attractive as means of transport. Additionally, there could be a positive impact on other ATM performance areas as well, such as capacity, safety, flight efficiency, etc.The providing organisations would benefit from economy of scale, while the consumers would not need to maintain and update proprietary solutions anymore. Overall, a better rationalisation of deployment should be expected.Therefore this Common Service approach, if it is proved to be successful, could be viewed as an essential means to improve the overall cost effectiveness of the ATM business in Europe. PJ15 encompasses air navigation service providers and ground industry covering both provider and consumer perspectives. Thanks to its unique combination of operational and technical knowledge and experience, the group is in an excellent position to deliver high-quality results.",,
155,864911,NIFTI,Non-Intrusive Flow distortion measurements within a Turbofan Intake,"Short and slim aero-engine intake designs for very high bypass ratio configurations cause notable levels of unsteady distortions at the fan face especially under cross-wind or angle of attack operation during aircraft take-off. Such distortions can adversely affect the engine’s performance, operability, structural integrity and safety margin with potentially catastrophic consequences for the entire propulsion system. Current practices for aero-engine testing and certification rely on a low number of intrusive pressure measurements at the fan face to characterise the distortion levels. Given the known limitations of currently used methods (low spatial resolution, intrusive nature) the existing technologies are inadequate to reduce the risk on the development and certification of future novel systems.   NIFTI aims to address this gap by demonstrating a non-intrusive technique to measure velocity fields across a plane located upstream of a large diameter fan of a high bypass ratio aero-engine which has never been achieved. This method will provide synchronous datasets across the measurement plane with at least one order of magnitude higher spatial resolution than current methods. The implementation will demonstrate a highly automated and flexible multi-camera system within a representative industrial test environment. A number of more advanced, non-intrusive measuring technologies will be assessed such as 3D PTV or Helium Filled Soap Bubbles (HFSB) to further enhance the outputs of the selected baseline solution. The experimental activities will be supported by numerical campaigns and advanced data processing and flow analysis methods that will be used to analyse the highly unsteady nature of the flow distortions that will be measured during NIFTI’s experimental campaigns. These outcomes will ultimately unlock the complex aerodynamics of closely coupled fan-intake systems and aid the development of novel design rules for future, stall-tolerant aero-engines.",,
156,101288398,REDUCT,Reducing Uncertainties in Contrail Impact and Climate-optimized Traffic Flow Modelling in Aviation,"REDUCT seeks to advance Europe’s environmental assessment tools for understanding and mitigating the climate impact of aviation, with a special focus on contrail formation and its integration into Air Traffic Management (ATM) systems. The project directly addresses SESAR’s exploratory research priority FR-1, which seeks a deeper understanding of the ATM system’s impact on climate change. The ultimate goal is to enable more climate-friendly aviation by improving understanding of contrail formation, persistence, and mitigation, while balancing environmental benefits with operational performance.Contrails—formed by ice crystals from aircraft exhaust—can evolve into cirrus clouds that trap heat, producing short-lived but significant warming. Their total climate effect may equal or exceed aviation’s CO2 emissions. Targeted rerouting and the use of Sustainable Aviation Fuels (SAF) could reduce contrail-related warming by up to 60% with minimal additional CO2 emissions.The project’s technical objectives are:- Improving prediction and impact assessment of contrails, accounting for humidity, cloud evolution, and embedded contrails.- Incorporating effects and uncertainties from new fuels and aircraft types.- Analysing environmental-performance trade-offs in ATM mitigation measures.- Supporting informed operational decision-making to minimise climate impact.REDUCT leverages advanced numerical weather prediction, machine learning, and uncertainty modelling to guide climate-sensitive flight planning. It also addresses the challenge of communicating complex findings through clear visualisations and stakeholder engagement, ensuring practical adoption across Europe’s densely trafficked airspace.By advancing contrail forecasting, operational feasibility studies, and climate-optimised ATM strategies, REDUCT provides one of the most immediate, cost-effective levers for reducing aviation’s short-term climate impact, fully aligned with SESAR’s climate research priorities.",,
157,255907,MAS_LAB,Multipurpose Aircraft Simulation Laboratory,"The tendency of the past to build and test in aeronautics has clearly been overridden by a very extensive simulation activity for many reasons, one of these being the risk associated to safety-critical or safety-related systems. Simulation in hence strategic to develop and test all the key aircraft elements, such as flight control systems, and is now being used effectively also beyond the design purposes, to conceive and evaluate mission strategies, for example, Humane-Machine-Interfaces or operational procedures. During the last decade, many commercial simulation environments and advanced software codes have been released and made available to research centers and industrial entities, which now share very powerful and versatile simulation tools. It is now possible to simulate very complex multi-variable multi-dynamic non linear aircraft systems in real time on a single personal computer. There are tools for testing, verification and validation of the related flight control systems and for automatic generation of executable codes, which comply with the main avionic standards (such as the DO-178B). The proposer research group has been using effectively all these tools extensively to develop flight simulators for rotary and fixed wing manned aircrafts as well as for lighter-than-air unmanned platforms. The group has developed a strong competence in all the activities related to interpretative dynamic simulation, advance control system design, software stress analysis, I/O interface setting and testing, as well as real-time validation. Moreover the group is now sustaining an extensive effort in developing a Matlab/Simulink framework for multi-purpose activities such as system and subsystem design, but also model-base reliability and safety analysis. All these technical competences as well as all the already available unclassified simulators will be made available for the MAS_Lab, to develop, validate and maintain the aircraft simulator object of this proposal.",,
158,101017643,Uspace4UAM,U-space for UAM,"Aiming to bridge the gap between development and deployment, this VLD project will tackle issues of operational concepts, regulation, and standards, while building confidence in a safe and orderly integration of UAM in every days air traffic. It will do this with a consortium of forward-looking cities and ANSPs, national regulators and EASA, a well experienced UTM provider, as well as eVTOL manufacturers, research centers, and technology providers. A series of well defined, iterative and multi-national demonstrations, both with drones and UAM vehicles will be conducted. They will cover different use cases, including mixed operations, to allow the project to derive critical enablers for a wide set of UAM service applications that can be applied all over Europe. Uspace4UAM will build on the CORUS project results and on operational and business experience already gathered in operational drone service implementations in Europe. it will study safety cases and their impact on system requirements, and look at how regulation and standardisation can be set up to support innovators to build a sustainable business case while operating safely in a multi-modal transport network. This project is set to deliver results that are of real interest to “early movers”, enabling them to bring a real market impact in the next few years. In order to prove that this will be achieved, and that indeed the project has laid a bridge between development and deployment, the project is set to deliver a number of commercial contracts for the provision of fully automated drone services, and present solutions to identified gaps towards fully autonomous Urban Air Taxi services.",,
159,999906,ED,JTI-Clean Sky 1-Eco Design-Integrated Technology Demonstrator,"ECO - Eco Design: Eco-Design ITD is organized in the two major areas of EDA (Eco-Design for Airframe) and EDS [Eco-Design for Systems (small aircraft)]. The EDA part of the Eco-Design ITD is meant to tackle the environmental issues by focusing on the following challenges: 1. To identify and maturate environmentally sound ('green') materials and processes for a/c production. 2. To identify and maturate environmentally sound ('green') materials and processes for a/c maintenance and use processes. 3. To improve the field of end-of-life a/c operations after several decades of operation, including reuse, recyclability and disposal ('elimination') issues. 4. To provide means for an eco-design process in order to minimize the overall environmental impact of a/c production, use/maintenance and disposal.The EDS (eco design for Systems)  part of the Eco-Design ITD is meant to support the evolution of small aircraft architectures towards more electric configurations and optimized use of onboard aircraft energy.",,
160,821467,RATIOS,Regional Aircraft breakThrough InteriOr Solution,"Notwithstanding the increased mobility of European citizens across Europe, with regional flights becoming a frequent means of transportation for reasons of work, family or leisure, flight experience still suffers from several shortcomings, especially in terms of time efficiency (with boarding bottlenecks and dis-embarkment problems) and lack of comfort on board (reduced space and connectivity for passengers, reduced space between seats and poor cleanliness of lavatories and other aircraft public areas). All these elements have significant relapses both in terms of passengers’ well-being and of economic costs for airline companies. The RATIOS project will address all the above-mentioned problems envisioning a 2035 user scenario, by improving passenger comfort, cost-efficiency, environmental protection and on-board safety, through the design of innovative interiors. The consortium will explore, conceive, develop and test at TRL 3/4 breakthrough concept solutions and technologies for cabin interiors though the Human-Centered Design Approach (HCDA), with the aim of optimizing boarding and dis-embarkment times, leveraging on new coming technologies and materials and ensuring weight-saving, better eco-compliance and lower operational costs for air companies. Moreover, RATIOS will improve cabin environment by realizing personalized services for passengers with different needs, starting from the improvement of flight productive time for passengers willing to use travelling time for work purposes, as well as guaranteeing well-being with more comfortable cabin environment, seats, spacy overhead compartments, improved hygiene and high-level of in-flight services.",,
161,755596,ADVENT,Advanced ventilation techniques for modern long-range passenger aircraft to promote future energy management systems,"Alternative or novel ventilation concepts with enhanced heat removal efficiency and local ventilation efficiency allow reconsidering the fresh air fraction of modern passenger aircraft cabins and thus help to save bleed air and energy in the future. In order to identify and verify corresponding concepts, parametric studies will be conducted in a long range aircraft cabin mock-up by numerical simulations and experimental investigations. Design and set-up of the mock-up is part of the project, whereas special attention will be given to the possibility to precisely define the thermal and fluid dynamical boundary conditions. This enables experimental simulations of operational conditions using temperature controlled surfaces on the one hand and allow for precise implementation in numerical simulations by appropriate idealizations of the inflow velocity profiles on the other. While most of the existing studies of aircraft cabin ventilation just consider the performance under steady conditions, the dynamic performance is of high relevance under real conditions. Therefore, we give special attention in our investigations to the performance of the ventilation scenarios under dynamic conditions and non-ideal distributions of heat loads.",,
162,945500,GAM-2020-SAT,Small Air Transport (SAT) - GAM 2020,"Currently, there is a big need for connecting small airports in remote areas. However, today no affordable solution is available due to the high cost per seat of current available small aircraft.Thus, a reduction of operating cost of small aircraft (up to 19 seats) is needed to open this promising market, contributing to improve mobility in Europe, connecting small cities and helping to reduce flight time, matching the FlightPath 2050 """"d2d 4h"""" (4 hours door to door) challenge.In parallel, aviation sustainability issues have become more and more important, being aviation pollution an important source of global environmental pollution.The SAT Initiative proposed in Clean Sky 2 represents the R&D (Research & Development) interests of European manufacturers of small aircraft used for passenger and cargo transport, belonging to EASA´s CS-23 (European Aviation Safety Agency Certification Specifications-23) regulatory base. This includes dozens of industrial companies (many of which SMEs – Small Medium Enterprises –), research centres and universities. The community covers the full supply chain, i.e. aircraft integrators, engine and systems manufacturers and research organizations.SAT main goal is to meet the Flightpath 2050 target whereby """"90% of travellers within Europe are able to complete their journey, door-to-door, within 4 hours"""", improving overall European air mobility, by means of an eco-friendly, and economically viable aircraft answering sustainability needs, market demand, and cost-effectiveness.In particular, two platforms are being investigated: a Green 19-seats EIS2025 (Entry Into Service in 2025) and an E-STOL (Electric/hybrid Short Take-Off and Landing) EIS2032 (Entry Into Service in 2032) 19-seats commuter.This proposal presents the work plan 2020-23 toward the SAT-TA final objectives.""""",,
163,699299,DART,Data-driven AiRcraft Trajectory prediction research,"DART (Data-driven AiRcraft Trajectory prediction research) addresses the topic “ER-02-2015 - Data Science in ATM” exploring the applicability of data science and complexity science techniques to the ATM domain. DART will deliver understanding on the suitability of applying big data techniques for predicting multiple correlated aircraft trajectories based on data driven models and accounting for ATM network complexity effects.DART will blend computer science non-ATM specific expertise from University of Piraeus Research Center (UPRC, Greece) and Fraunhofer-Gesellschaft zur Förderung der angewandten Forschung e.V. (FRHF, Germany) and ATM state of the art and business needs knowledge from Centro de Referencia de Investigación, Desarrollo e Innovación (CRIDA, Spain) and Boeing Research and Technology Europe (BR&T-E, Spain) in a two years long effort.Data Science is being pervasively applied to many businesses today has even make room for provoking proposals like the now famous form Anderson, Chris: """"The end of theory: The Data Deluge Makes the Scientific Method Obsolete."""" Wired magazine 16.7 (2008): 16-07. DART aims to avoid this hype and present to the ATM community an understanding on what can be achieved today in trajectory prediction using data-driven models.""""",,
164,807097,LPA GAM 2018,Large Passenger Aircraft,"The challenge for Clean Sky 2's Large Passenger Aircraft Programme is to further mature and validate key technologies such as advanced wings and empennages design, making use of hybrid laminar airflow wing developments, as well as an all-new next generation fuselage cabin and cockpit-navigation.",,
165,999901,GRA,JTI-Clean Sky 1-Green Regional Aircraft-Integrated Technology Demonstrator,"GRA - Green Regional Aircraft: Future green regional aircraft will have to meet demanding weight reduction, energy and aerodynamics efficiency, a high level of operative performance, in order to be compliant regards to pollutant emissions and noise generation levels. Objective of the Green Regional Aircraft ITD is to mature, validate and demonstrate the technologies best fitting the environmental goals set for the regional aircraft entering the market in the years 2015 - 2020. The project has 5 main domains of research, in which several new technologies are under investigation in order to entirely revisit the aircraft in all of its aspects.",,
166,865217,HLFC 4.0,Hybrid Laminar Fluid Control 4.0,"The use of HLFC (Hybrid Laminar Flow Control) systems is a important advantage that will improve the aerodynamic efficiency of flights significantly. Either using passive or active solutions many challenges have been tackled and demonstrators have been developed in the past.To be able to assembly the HLFC systems to the leading edge of the wing complex tools should be developed in order to obtain aeronautic standards in terms of tolerances and geometry accuracy. Sensorization of complex tooling is a technique that allows to monitor the complete process of assembly ensuring that the process is being done in the proper way or, if not, understanding what is happening and enabling corrective actions. Build-up stress and deformations measurements, automatic best-fit positioning, sensors recording key parameters to feedback engineering assumptions and calculations, are some examples.As part as Industry 4.0 the sensorization of tools and the use of new technologies such as additive manufacturing will be implemented in the development of this project called HLFC 4.0. The consortium of HLFC 4.0 is formed by two leading companies with broadly experience in the fields of aeronautic design and manufacturing of systems and structures (ADATICA) and in the design and manufacturing of tools including sensorization for industry 4.0 (ACTEMIUM).Putting everything together, this project will drive to the manufacturing of two HLFC systems, passive and active, and a sensorized tool to assemble these systems to the leading edge. Also as part of the project HLFC 4.0 and due to ADATICA expertise in DfAM (Design for Additive Manufacturing) drilling templates will be designed and manufactured using additive methods.",,
167,101007948,NEMARCO,NEW MANUFACTURING ROUTES (FOR NiCrSiFeB ALLOYS) TO REPLACE COBALT IN AIRCRAFT COMPONENTS,"The main objective of NEMARCO is to select the adequate chemical composition(s) and manufacturing process parameters for obtaining sealing rings of nickel self-fluxing alloys that can offer the required performance against high-temperature (HT) wear and overcome the health potential issue regarding wear particles Cobalt alloys (current solution) in cabin air. Two manufacturing routes: Horizontal Centrifugal Casting (CC) and Laser Metal Deposition (LMD), will be studied.The achievement of this objective is based on a well-structured approach that combines (i) a preliminary selection of NiCrSiFeB commercial compositions that can favour manufacturing processability while improving wear behaviour at HT supported by simulation of phase’s formation, segregation, precipitation and diffusion phenomena to predict microstructure formation, as well as process simulation to evaluate specific conditions for solidification. (ii) Robust manufacturing study of both processing routes supported by advanced data analytics of all process and product related variables, allowing to identify those parameters with the highest influence and thus, support in the definition of the optimal manufacturing conditions. (iii) Extensive tribological studies at high temperature. This will support for the selection of the best composition and manufacturing solution of NiCrSiFeB alloys as replacement of the actual Cobalt alloys to produce aeronautic parts. (iv) A rigorous LCA/LCC and a preliminary toxicity analysis, leading to a deeper knowledge of environmental performance and economic impact of the solution. The project will contribute on a reduction of fuel consumption, healthier cabin air and a reduction of costs for a more competitive EU aircraft industry. The implementation is carried out by a multidisciplinary consortium formed by experts in LMD (LORTEK), CC (AZTERLAN), HT behaviour of materials and wear particles characterization (ECL-LTDS and CIDETEC) and LCA/LCC and toxicity analysis (CTME).",,
168,101287781,RAXUS,Risk-based Authorisation and eXecution in U-space airSpaces,"RAXUS delivers digital solutions to streamline UAS operations in and outside U-space by automating flight authorizations and integrating risk assessment frameworks aligned with SORA and ARA standards. It enables a near-automated workflow from initial intent declaration to U-plan submission, supported by comprehensive, quantifiable risk assessments using live data on connectivity, population density, and weather. This ensures standardized, digital evidence for regulatory approval, consistent with initiatives like EASA’s e-SORA. Beyond safety, RAXUS extends the assessment framework to broader risk domains relevant to Innovative Air Mobility (IAM), including societal acceptance, visual impact, and noise.Complementing this, RAXUS introduces a second major innovation focused on the U-space flight plan authorization process itself. Today, flight approvals follow a rigid first-in-first-out (FIFO) logic that can limit efficiency and fairness in congested environments. RAXUS replaces this with a fairness-based prioritization system and a multi-stage authorization approach. Flight clearances are granted progressively, segment by segment, closer to take-off and during execution, ensuring more efficient use of airspace while adapting to real conditions such as weather, CNS performance, or mission type. This solution empowers authorities and USSPs to manage demand-capacity imbalances equitably, balancing competing operations and guaranteeing transparent access to U-space.Designed for rapid deployment within the current regulatory framework, RAXUS targets the first U-space airspaces being defined in Europe, focusing on relevant airspace classes and mission categories. Its core goal is to simplify and accelerate approvals for Competent Authorities, UAS operators, USSPs, CISPs, and regulators, enabling efficient, scalable, and safe U-space operations without structural overhauls.",,
169,267487,3DFSE,3D Design of Flap Side Edge Flow Control,"Flaps are part of the high lift system deployed during take-off and landing phases of aircraft operation. Previous work has identified a flap side-edge as an important source of airframe noise. The objective of this work is to perform a numerical study aimed at the design and optimization of a suitable flow control technique to reduce the flap side-edge noise. The flow control method can be either passive or active. The chosen flow control technique will be investigated computationally using a high performance cluster. A hybrid method involving computational fluid dynamics to obtain the flowfield and solving the Ffwocs-Williams Hawkings equation to obtain the farfield acoustics will be employed to determine the noise generated by the flap side-edge vortex. An optimization will be performed on the chosen flow control technique to maximize its aeroacoustic performance. Details of a wind tunnel test campaign will also be given. The work will be conducted at the University of Southampton, which has extensive experience in both computational and experimental aeroacoustic studies. The university also has access to several high performance computing clusters, which are necessary for the current work. At the end of this work, a flow control strategy will be determined and an optimization performed.",,
170,716935,CRO-INSPECT,Collaborative RObotic Solution for Advanced Inspection of Complex Composite parts,"Highly integrated composite parts have begun to enter the market. Their inherent complex structure makes more difficult inspection activities being crucial the development of more flexible, more reliable and faster NDT solutions.  Regarding NDT methods, Ultrasonic testing (UT) techniques are suitable for the inspection of large and hidden areas and recently developed ones, like guided waves, have shown potential for remote inspection. Currently, most of inspections are performed manually, which entail two key disadvantages: an excessive amount of time and the possibility of potential safety failures due to human errors. To solve these issues, automation of inspection process has been envisioned as strategic solution. The integration of robotics in manufacturing lines has proved improvements in process reliability, reduction of manufacturing times and, therefore, costs. However, many industrial operations cannot be fully automated at a reasonable cost. In such a case, human-robot cooperation may be the most cost-efficient and productive solution. This is precisely the scope of CRO-INSPECT. The project aims at creating a new concept of hybrid work cell for inspection, where humans and robots perform collaboratively inspection activities using advanced UT techniques. It aims at developing a sound inspection solution with enhanced robotic capabilities, enabling faster and more reliable inspections, and helping operator during the inspection of complex composite parts, reducing this way recurring manufacturing costs.The specific goals of the project will be to generate an advanced and safe human/robot collaboration work cell prototype for robotic assistance of the operator during inspection; and to generate a new inspection system based on advanced UT, capable of reaching low access areas of parts. By achieving these objectives, the consortium expects to provide a step forward in the current industrial solutions for automated NDI of large aircraft components.",,
171,763719,CLASS,CLear Air Situation for uaS:  Maturing ground based technologies for a real-time Unmanned Aerial System Traffic Management System (UTMS) to monitor and separate Unmanned Aerial System (UAS) traffic,"CLASS will bring the main technologies required for surveillance of Unmanned Aerial Systems (UAS) Traffic at a better level of maturity, allowing developing a pre-operational prototype of a UAS Traffic Management System (UTMS).CLASS will compose existing technologies to build the core functions of a UTMS: • real-time tracking (cooperative and non-cooperative) and display, • aggregation of relevant aeronautical data, • provide adjusted services  to each stakeholder (operators, ANSP, Authorities), • advanced functions such as geo-fencing (warn UAS pilot of unauthorised zones trespassing), geo-caging (warn UAS pilot if trespassing a pre-defined zone), conflict detection and resolution.CLASS follows mainly a bottom-up approach starting from technologies up to defining a system meeting users’ operational needs for UAS Traffic Management. CLASS will consider the outcomes of the project awarded for Work Area 1 which focuses on the concept of operation.First, CLASS will assess the performance of cooperative and non-cooperative UAS detection and tracking technologies through live experimentations. Data fusion will be developed to merge data of the same UAS detected by both cooperative and non-cooperative trackers.Secondly, a prototype of a real-time centralized UTMS will be developed. This platform will propose an overall view of both the planned and the current real-time UAS traffic situation. Advanced functions will be implemented.Finally, a demonstrator fed  by the real data acquired during the live experimentation, and by a UAS traffic simulator will be built. The outcomes will be evaluated through a series of Key Performance Indicators which will have been derived from the Concept of Operations.All along the project, results will be published and shared to the UAS and the ATM community. Conclusions and recommendations for follow up will be largely disseminated to enable UAS safely operations at large scale for the benefit of the growing UAS business.",,
172,687015,ERaCLE,invEstigation of pushing pRopeller engine Configurations trough wind tunneL Experiments,"ERaCLE will tackle the further developmet and eventual validation of a fast tool for the preliminary design of propeller based engine configurations from an acoustic point of view.This objective will be achieved throughout a WT test campaign to measure the near-field and far-field acoustic propagation of a pushing and wing mounted propeller-based propulsion, parameterized w.r.t. propeller design features, installation configurations, and different kind of aerodynamic flows generated by the wing through controlled boundary layers.WT test data will be collected, post-processed and exploited for further development and validation of a fast engineering toolset for the preliminary design of propeller-wing arrangements vs. acoustic performance. The design, manufacturing, assembling, and instrumentation of the WT model comprehensive of all the systems to perform the challenging research work are part of the Action.",,
173,101251523,LIME,Lithium based Innovation for Modular Energy,"LIME project, led by Ascendance (France), expert in hybrid electric propulsion technologies for aviation and aircraft integration), unites EXOES (France), an expert in thermal integration and battery packaging mainly for non-aeronautics sectors, RWTH Aachen University (Germany), a research organization renowned for battery engineering expertise, BASQUEVOLT (Spain) a pioneer in solid state battery cell technology) and the end-users (associated partners) ATR, AIRBUS, and DAHER. LIME aims to develop and demonstrate a TRL 4 battery system for hybrid-electric propulsion in Ultra-Efficient Regional Aircraft, targeting entry into service by 2035, with potential spin off to the SMR aircraft. Addressing the decarbonization of aviation, LIME objectives include (1) ensuring a safety-conforming, end-user-centric battery system; (2) designing a state-of-the-art battery system meeting CS25 needs; (3) prototyping a TRL4 battery system; (4) promoting flexibility and agility via a digital twin; (5) paving the way for EIS in 2035; and (5) maximizing the project's impact and benefits to Europe. The key innovations central to LIME and its partners include: Basquevolt's disruptive solid-state cell technology which offers enhanced safety and energy density; Exoes's advanced thermal management (immersive cooling) that ensures optimal battery performance; and Ascednance's, lightweight and safe composite casing which is vital for aviation applications. The methodology begins with defining the battery system requirements (from end users needs and safety requirements), followed by a preliminary design phase and a detailed design phase that cover these requirements. After validation, prototyping begins along with thorough testing. It ends with a synthesis of the project and its conclusions, assessment of integration options in regional aircraft and a roadmap to reach TRL 9 & EIS in 2035 of the product. The project is expected to last 24 months, and the consortium is asking for €5M.",,
174,234117,PICASSO,imProved reliabIlity inspeCtion of Aeronautic structure through Simulation Supported POD,"With aging engines and the increase of air traffic in the next 20 years, a central challenge in the aeronautical industry will concern the increase of the efficiency of maintenance which still represents around 20% of an operator’s indirect operating costs. This challenge is particularly important for metallic parts within the engine aircraft industry, because of the criticity of rotative components and the high temperature environment. Maintenance is directly related to the concept of Probability of Detection (POD) curves which are obtained by expensive experimental campaigns. Within the PICASSO project, we propose to evaluate the concept of using Non Destructive Testing low cost simulations to obtain Probability of Detection (POD) curves. The aim of PICASSO is therefore to build a new and original way to get simulation supported POD curves and to establish basis and recommendations for a future European standard for Qualification and Reliability of inspection for aircraft industry. The main economic impacts will be to ensure savings in costs concerning aircraft maintenance and engine development, improvements of time maintenance and elimination of unscheduled maintenance.",,
175,783211,SAFEDRONE,Activities on drone integration and demonstration in VLL operations,"The scope of the SAFEDRONE project is to acquire practical experience in Very Low Level (VLL) operations where general aviation, state aviation and optionally piloted aircrafts and drones will share the airspace. It is important to highlight that this project will have a clear practical focus which primary activities will be innovation, integration, and especially, demonstrating activities with flight tests.The specific objectives of SAFEDRONE are the following: 1. Demonstrate how to integrate general aviation, state aviation, optionally piloted aircrafts and drones into non-segregated airspace in a multi-aircraft and manned flight environment, in order to explore the feasibility of U-Space vision by 2019.2. Perform a large number of demonstrations in order to accumulate evidences and experience about the required services and procedures necessary to operate drones in a safe, efficient and secure way within U-Space.3. Validate proof of concept implementations of a large variety of U-Space services and procedures.4. Provide evidences to EASA and National Aviation Authorities to reinforce the safe integration of drones under U-Space for the different drone categories. Also, the lessons learnt and the technologies used during the project will be proposed to the different standardization bodies.5. Coordination with the recently approved SESAR-RPAS projects in order to align the demonstrations with the CONOPS and technological developments of these projects. 6. Increase the awareness of the advances in U-Space within Europe through the dissemination of the obtained results. Finally, SAFEDRONE consortium is formed by 2 private companies (INDRA and UNIFLY), 2 government-owned companies (IAI and ENAIRE), two aeronautical research centres (CATEC and CRIDA) and one university (University of Seville) obtaining a balance among accessing to novel technology, integration and operational experience, and orienting the demonstrations towards real market needs.",,
176,999904,SGO,JTI-Clean Sky 1-Systems For Green Operations-Integrated Technology Demonstrator,"SYSTEMS FOR GREEN OPERATIONS and DEMONSTRATORS: The Systems for Green Operations ITD was built on the previous large projects of collaborative research, focussing on studies on technologies and integration both on ground and in flight, related to electrical systems, on-board equipment, dedicated test benches and applications (for both small and large aircraft configurations). MAE (Management of Aircraft Energy), main demonstrators The Electrical Power Distribution Centre (EPDC HVDC chr(38) Power Electronic modules), was developed by Zodiac Aero Electric (Zodiac Aerospace group), and integrated on the PROVEN test rig at Airbus Toulouse from June 2015. Wing Icing Protection Systems: three different technology demonstrators were tested at NASA IRT in November 2012, with validation up to TRL4 they were i) a full electro-thermal ii) an electro-mechanical and iii) hybrid. Another component developed up to flight testing was the Primary Ice Detection System (PFIDS). MTM (Mission and Trajectory Management) main demonstrators: An electric wheel actuation innovative system, part of the Smart Operation on ground effort Green FMS (Green Flight management System) introduced new functionalities in the different phases of flight: in the climb phase, a Multi Criteria Departure Procedure allows the optimisation of either fuel consumption or of the noise impact on ground. In the cruise flight, and Optimised multistep control allow lower fuel consumption (and therefore emissions) compared with normal procedures and in the approach and landing phases, an improved CDA (Continuous Descent Approach) followed by an adaptive Increased Glideslope control, providing further potential benefits especially in the acoustic signature on ground. THE FLYING DEMONSTRATOR A320 e-FTD: in June 2016 the A320 MSN01 was configured for flight testing in test campaigns of More Electric Aircraft architecture, integrating the following items: the Liebherr 50kW e-ECS the Electrical Power Centre the PFIDS.",,
177,821328,IDEN,Innovative Distributed Electrical Network,"With the introduction of the more electric aircraft greater emphasis is placed on the power generation and  distribution architecture as a result of increased power demands and higher efficiency needs, as well as the interest in using electrical power for more flight critical applications. Together with the steady drive for reduced weight, increased reliability and reduced maintenance, this leads to the requirement for new approaches for the aircraft electrical supply generation and distribution, managed intelligently to maximise efficiency and ensure safe aircraft operation under all conditions.  The prime aim of the project is the design, development and test of an ‘Innovative Primary & Secondary Electrical Distribution Network for Regional A/C’ based upon state of the art power semiconductors and enhanced electrical energy management (E2-EM). The EPGDS to be designed comprising 2 Primary Power Centres - PPC, 4 Secondary Distribution Units - SDU, 2 AC/DC converters, solid-state based contactor/breakers - SSPC and externally provided System Supervisor & DC/DC converter interface between HV & LV primary bus bars. The system will be designed to interface to the REG Iron Bird facilities.The design of each LRU will be based upon the use of state of the art power semiconductor devices, innovative circuit topologies and embedded intelligence. A foundation stone of the EPGDS system is the effective modelling of each of the LRU’s and the overall system to enable the investigation of diverse operating conditions, permit verification of correct functionality and highlight any deficiencies at an early stage. In addition it will permit the use of automatic code generation of each LRU embedded controller.All designs will take into account the specification requirements for avionic equipment in order to facilitate future development to production & certification. Thermal, vibration and EMC survey of key elements will be performed.",,
178,323478,LIFEMOD,Enhanced material lifing model for rotating welded structures,"Green and sustainable engines require accurate and well documented material data for safe operation of the engines at optimum efficiency. The SAGE project aims at demonstrating open rotor engines and technologies to reduce fuel consumption, weight and increased efficiency of engine components. Structural integrity and safety of engine critical parts have to be considered with regard to design, manufacturing aspects and in-service maintenance and overhaul.The engine operating conditions, thermal and mechanical loads, material properties and other influencing parameters are affecting the Approved Life of the component. Extensive analysis, component & engine tests, and inspections during both component manufacturing and in-service have to be performed for verification. In particular, the regulations required for critical parts to fulfil appropriate damage tolerance criteria has to be considered, and the potential for failure from material, manufacturing and service induced anomalies within the Approved Life of the part. This means that the potential existence of various imperfections, defects and flaws in the component are recognized and are due to material issues, component design and manufacturing. This situation can be handled through the incorporation of fracture resistant design, process control and Non-destructive Testing (NDT).In fabricated components and structures different visual inspection and NDT methods are being used for weld inspection. The quality of the welds will determine the fatigue life of a component. This project will focus on welds made in IN718, both laser welds and TIG welds. Before testing the specimens will be NDT tested (WP2), then high cycle fatigue tested (WP4), creep fatigue tested (WP5), fracture surfaces examined (WP3), statistical analysis performed (WP6) and finally the lifing model developed (WP7). The model will then be put to use by the topic manager for design of green and sustainable engines.""""",,
179,287127,HighPMAAC,High Performance Modular Architecture of Acquisition and Control command system dedicated to test Electrical systems for Aeronautics,"The HighPMAAC project will create, design, develop and validate a new High Performance Modular architecture of Acquisition and Control Command system dedicated to test Electrical Systems for Aeronautics in an efficient way.This new architecture will allow easily to perform tests in an “independent way” at the Equipment Level. We’ll then be able to perform tests at System Level, providing a full integrated test system. We’ll use a distributed synchronized front-ends system, with high capabilities in terms of synchronized data acquisition rate, simulation, synchronized stimulation, modularity and adaptability.The architecture will be based on modular subsystems allowing operators to adapt easily the front-ends to the characteristics and needs of each equipment. Synchronization mechanisms and monitoring at high data rate allow performing secure integration tests with high quality of acquired data, for a fine exploitation of electrical behaviour propagation.The whole system is validated through the Electrical Test Bench and constitutes the Control and command system of this ETB. Associated to the dedicated wiring, it will be possible to supervise tests of Aircraft representative power networks. It is also important to note that this distributed system will include simulation capabilities, implementing """"Hardware In The Loop"""" possibilities and may address other application requiring combination of Supervision, Monitoring, high performance Data acquisition and exploitation.For this, the consortium -motivated by its will of sharing respective know-how- will invest in this project with the intention to being a key partner concerning this kind of needs in the future. It will set up the basic requirements of such a system, then conceive and develop the hardware and software solution. This will lead to increase competitiveness of the European aeronautic industry by reducing the tests and validation phases and thus reduce the time to market of the aeronautics products.""""",,
180,785472,INTELLICONT,Development and Manufacturing of Intelligent Lightweight Composite Aircraft Container,"Air cargo has experienced tremendous growth. Essential components and open field of technological advancement are air-cargo containers (ULDs) which have not followed the technological advances of aircraft structures and systems. The faced challenges are: reduce ULD and aircraft weight; enhance container fire/smoke detection and suppression; eliminate permanent moving and locking hardware; enhance flight safety, loading/unloading logistics and maintenance.  The main goal of the proposal is to develop, manufacture and validate a new intelligent lightweight aircraft cargo container with integrated functions for restrain, transportation, fire/smoke suppression, with sensing and wireless monitoring capabilities. The outlined approach entails development of a full composite ULD, manufactured by low cost, high output methods (pultrusion, RTM). Following common certification practice, a building block approach is employed to design and validate the container. A self-moving platform allowing the motion of the ULD inside and outside the aircraft. Low-cost and low-energy sensors in the container track status (ID, location, locking state) and detect critical events, fire/smoke, impacts and accidental misuse. The status of each container will be available to the pilots though a wireless communication network, such that problems would be detected and proper measures would be taken. Lab-scale and full-scale tests are proposed for the validation of the ULD. Obtained numerical and test data will pave the routes to certification and industrialization. The ambition of the project is to provide a major break-through in the state of the art of current ULD technology and aircraft cargo operations. Substantial impact is anticipated on the CleanSky program, the reduction of aircraft payload and weight, safety, maintenance and lean aircraft operation processes. INTELLICONT will be a game changer for the air-cargo industry with substantial broader impact on air-cargo handling operations.",,
181,864771,SafeNcy,SafeNcy - the safe emergency trajectory generator,"SafeNcy project aims at designing, developing, testing and validating a TRL5 on-board function for the FMS capable to support the pilot in the decision making process following an emergency situation with degraded and adverse conditions.Firstly, an emergency landing site selection algorithm will be developed, using a database of possible landing sites that is constantly updated via data-link connection with the airline Operating Control Centre (OCC) and which takes into account updated meteorological information and potential hazards. This landing site will minimize also the collateral effect of the emergency landing by selecting landing sites with a minimum population density and low risk propagation.Secondly, an on-board trajectory generation prototype will be developed in order to compute the best emergency trajectory from the aircraft to the selected landing site(s). This algorithm will also take into account the most up-to-date meteorological information, consider the degraded dynamics of the aircraft resulting from some failures, and will have a robust design allowing real-time capabilities. Finally, a thorough verification and validation campaign will be performed, developing an ad-hoc simulator for testing purposes and integrating it with a fault detection and identification external block provided by the Topic Leader.The consortium has been structured to gather and organise complementary expertise and capabilities to answer the project objectives. It is formed by two SMEs, CGX AERO (coordinator) and Metsafe; DSNA Services, the expertise and consultancy office of the French civil aviation; two universities, ENAC and UPC; and Eurocontrol, all supported by an internal advisory board composed of active pilots from large and low-cost airline, Aviation, Accident and Investigation, Human Factors and ATM experts, from the French Civil Aviation Authority, and Military pilots, human factors and flight dynamics experts from the French Air Force Academy.",,
182,687014,MACAO,Development of VOCs and ozone Micro-analysers based on microfluidic devices for Aircraft Cabin Air mOnitoring (MACAO),"The origins of pollutants inside the aircraft cabin are various. Ozone comes from outside, particularly when the aircraft is flying at high altitudes near the stratospheric ozone layer. In addition to the materials emissions, carbonyl species can be also produced in the cabin by reaction of ozone with unsaturated VOCs.Ozone and VOCs can cause acute respiratory problems, aggravate asthma and increase cardiopulmonary illnesses, with breathing discomfort, irritations and headaches after even short-term exposure.None real-time instruments have been currently developed and specifically designed to meet the constraints in a aircraft, i.e. compactness, security, automatic pressure correction, the autonomy towards a large pure gas cylinder necessary for both its operating and its analytical procedure (blank).The MACAO project aims at developing two analytical instruments to measure VOCs and ozone concentrations and based on microfluidic devices in order to address all the contraints mentioned above.This project will be built on the experience gained in analytical development based on real-time monitoring (CNRS Strasbourg, IN’AIR SOLUTIONS), microfluidics (INSA Toulouse, CNRS Strasbourg) or in electronics and software development (TRONICO) by the partners. For instance, the micro-analyser of BTEX recently developed in Strasbourg will be updated to measure other VOCs such as ethanol or acetone.The MACAO Project will be organised in 5 work Packages as follows :WP1 : Project ManagementWP2 : Specifications/state of the art/technological choicesWP3 : Development and validation of laboratory prototypesWP4 : Development and validation of integrated demonstratorsWP5 : Communication & DisseminationIn addition, the start-up IN'AIR SOLUTIONS (Partner 4) being responsible for marketing the developed instruments may take advantage of technological advances in this project, for all indoor environments (aircrafts, housing, workplaces, industrial sites, public buildings, …).",,
183,101101974,UP Wing,Ultra Performance Wing,"The Ultra Performance Wing project will validate, down select, mature and demonstrate key technologies and provide the architectural integration of “ultra-performance wing” concepts for targeted ultra-efficient Short/Medium Range aircraft (SMR),  i.e. 150-250 PAX and 1000-2000nm range.The project directly addresses the Clean Aviation objectives: fuel burn reduction of minimum 30% aircraft level, compared to the state-of-the-art reference Aircraft A321neo. UP Wing will consider 2 aircraft configurations, covering both exploitation horizons outlined in Clean Aviation impact objectives: a high aspect ratio SAF wing with turbofan engine targeting 10-13% and a dry high aspect ratio wing with open rotor up to 17% energy efficiency efficiency increase on wing level.UP Wing will develop the integrated high aspect ratio SAF wing up to TRL4 until the end of this project and will provide concepts studies for several dry wing configurations. The interdisciplinary European consortium, consisting of airframe integrators, industry, research establishments and academia will develop the related enabling technologies covering all relevant engineering disciplines. Performance monitoring considering Impact Monitoring in close collaboration with the architecture project will be done. For all technologies, the project objectives are broken down to individual targets to be monitored. Ground, wind tunnel and virtual testing are foreseen. Thanks to multidisciplinary optimisation the overall wing design for Configuration 1 will ensure the proper integration of all technologies up to TRL4. These results will be picked up in a second Clean Aviation phase achieving TRL6 until the end of the Clean Aviation programme.These Clean Aviation objectives are well aligned to the development plans of future aircrafts entering into service in 2035 (SAF SMR & H2 Regional), with  75% market penetration until 2050. Academia involved will ensure proper scientific exploitations via lectures, conference contributions, journal proceedings whereas the industrial partners will mature specific technology bricks to TRL4 and higher.",,
184,233805,PPLANE,Personal Plane: Assessment and Validation of Pioneering Concepts for Personal Air Transport Systems,"The PPlane project is a direct follow up study to Out-of-the-Box project that aimed to identify potential new concepts and technologies for future air transport and focused on a number of radical changes to the system rather than taking incremental steps.As a result of the Out-of-the-Box project, PPlane implements a systematic approach to radical and novel ideas for Personal Air Transport System (PATS). The project starts with the definition of several operational concepts and implements an optimisation model and several selection criteria to suggest and analyse new concepts for the personal air transport system of the future. The main selection criteria include: “Security and safety”, “Automation and Control”, “Environment”, and “Human Factors”. Horizontal areas such as technologies, regulation and affordability are considered in each of the above criteria. The resulting concepts are analysed and compared resulting in recommendations for implementation across Europe.The PPlane team is led by ONERA and comprises well known organisations in the field of aviation from different domains including industry, research and academic institutes. Additional external experts will be invited to the advisory board.PPlane’s objectives and methodology are an excellent match with the objectives of AAT.2008.6.3.3. """"Personal air transport systems"""" and in particular with AREA: 7.1.6.3 “Promising Pioneering Ideas in Air Transport” matching the expected impact of “assessing the viability or paving the way towards the realisation of the new ideas and concepts identified by ACARE”. Moreover, the definition of the PATS concepts will be built according to the ATM structure planned in SESAR.""""",,
185,233772,REACT4C,Reducing Emissions from Aviation by Changing Trajectories for the benefit of Climate,"The collaborative project REACT4C (Reducing Emissions from Aviation by Changing Trajectories for the benefit of Climate) has the objectives: (1) to explore the feasibility of adopting flight altitudes and flight routes that lead to reduced fuel consumption and emissions, and lessen the environmental impact; (2) to estimate the overall global effect of such ATM measures in terms of climate change. For a set of typical weather situations, 4D (location and time) cost functions will be determined that reflect the environmental and climate impact of aviation emissions. Current operational flight planning tools will be extended to account for environmental effects via these cost functions. Flight trajectories will be calculated for several optimisation targets: operational, economic and environmental. The associated impacts on the environment will be calculated. Practical rules for an environmentally friendly flight planning will be deduced. Concepts of future (green) aircraft that will be adapted and optimised for the new environmentally compatible flight routing will be developed and the associated mitigation gain of such aircraft will be estimated in terms of environmental and climatic impact. Finally, the results will be disseminated to stakeholders in the aviation sector, the science community and the general public, and the results will be prepared for further exploitation.",,
186,285681,VR-HYPERSPACE,The innovative use of virtual and mixed reality to increase human comfort by changing the perception of self and space,"VR-HYPERSPACE addresses the concerns expressed in ACARE’s Vision 2020 publication of changing demographics and increased urbanization resulting in society in 2050 and beyond needing more long-range transport for business and social-related mobility.  What is required is a radical approach to conventional thinking with regards to the internal and external dimensions of the cabin, and revolutionary methods to support passenger comfort and experience.  The challenge is how to place passengers in the minimum amount of physical space, while maintaining a high level of comfort and satisfaction? VR-HYPERSPACE will carry out fundamental research and development leading to a paradigm shift in relation to passenger comfort.  The project adopts radical approaches using virtual and mixed reality technologies to change perception of space, and more profoundly change the very perception of oneself.  Through the use of breakthrough and emerging methods and technologies, positive illusions will be created to make the passenger feel that they are in an extended space with others, looking well and feeling comfortable and able to carry out a wider range of activities than before possible.  Our vision is that regardless of future trends in aviation technology and future variations in the interior of airplane cabins that we could utilize ever advancing state-of-the-art virtual and mixed reality technology to enhance the experience of a passenger on an airplane.  As leaders in their field, the VR-Hyperspace consortium brings the scientific and technological excellence required to address the significant challenges of this high impact project.  The results are expected to not only provide significant contribution to future transport needs of beyond 2050, but potentially can provide breakthroughs for Europe’s social, economic, health, environmental and industrial challenges.""""",,
187,785407,cLEvER,Lightweight and rEliable Emergency exits and cabin footstep for fast Rotorcraft,"To save more lives, civilian rotorcraft operators need to reduce operating time in the Search and Rescue missions or Emergency Medical Services. The primary answer to this time saving challenge is firstly, increase the speed of the rotorcraft and secondly, develop some innovative rotorcraft sub-systems facilitating patients access to the rescuers and the rotorcraft. Coupled to speeder, safer, more environmentally friendly, and more cost-efficient demands for the next generation of rotorcraft, CLEVER project is a perfect response to this challenge. Participating to the LifeRCraft Fast Rotorcraft development lead by Airbus Helicopter, Vision Systems Aeronautics through the CLEVER project will focus on the two main sub-systems development in the rotorcraft access in period of urgency: the emergency exits and the cabin footstep. In addition, acoustical and optical performances enhancements are proactively proposed to reinforce pilot’s safety and passenger’s comfort. Being a recognized EASA Part 21G Tier One System Supplier, Vision Systems Aeronautics proposes to completely develop and produce enhanced lightweight and aerodynamically efficient innovative composite doors and cabin footstep for the Clean Sky 2 FRC program able to be shortly introduced in mass-production. From first concept study at TRL4, up-to final qualification and flight test campaign completion and support at TRL8, Vision Systems Aeronautics will be the Partner expected by the Topic Leader, proposing simultaneously innovations and safe production readiness. A total of three complete high performant doors (left cockpit, right cockpit and cabin) and one cabin footstep demonstrators will be produced to issue required qualification tests, to deliver first functional airworthy prototypes and to equip the flying ITD LifeRCraft demonstrator.",,
188,738039,EURECA,Enhanced Human Robot cooperation in Cabin Assembly tasks,"The EURECA project framework is dedicated to innovate the assembly of aircraft interiors using advanced human-robot collaborative solutions. A pool of devices/frameworks will be deployed for teaming up with human operators in a human-centered assistive environment, always ensuring safety requirements. Solutions are peculiarly designed for addressing both the working conditions and the management of the cabin-cargo installation process. EURECA aims at providing the following technologies:1. Lightweight Mobile Arm (LMA), an actuated moble platform equipped by a lightweight manipulator, will assist the assembly of light components. The LMA will perform autonomous tasks for assembly light and small components and it will cooperate with humans in handling and assemblying large, light and flexible compoents, navigating autonomously in the cabin and supplying the different parts by a passive trolley (transporter).2. Wearable upper arms exoskeleton will be used to assist the human operator in handling and assembling of heavy parts. The exoskeleton will improve the human ergonomics in handling heavy objects, allowing the execution of tasks where two or more people are necessary having a fast attach/detach interface.3. Continuous update and adaptation of a map of the aircraft’s cabin, including permanent/temporary obstacles (seats, exoskeleton structure, human operator moving, etc.) by RGB-D camera sensors mounted on the LMA. 4. A software platform, called Application Assistant, will enhance human-robot cooperation in all process  phases, supporting the generation of programs and the issuing of commands/requests by the users. The Application Assistant will be a layered architecture that will provide the users with different services in creating, scheduling and executing applications. The Application Assistant will implement multi-modular interfaces to humans, as a projector beam to give feedback to the user about the operation status and the actions to be taken.",,
189,308914,BRAINFLIGHT,Brain controlled aircraft flight using multiple feedback mechanisms,"Several studies have revealed that the activity of neurons is sufficiently capable of providing enough data to enable the control of an electronic device using solely signals provided by the brain. Project BRAINFLIGHT proposes the application of this kind of control in the world of aircraft, to enable people to control aircraft using only neural signals emitted from their brain. This kind of approach constitutes a novel concept for the control of these platforms, and was until recently only conceived as science fiction.The goal of project BRAINFLIGHT is to create a novel approach to aircraft control, and to assess the performance of this concept. This project is mainly focused on investigating what are the best approaches that allow fast learning to control an aircraft using brain signals, while allowing pilots to multitask. Project BRAINFLIGHT will test an innovative approach for brain control of flight, which takes advantage of the amazing ability that the brain has of learning to use novel tools using operant conditioning. The project will test how the use of this approach, as well as different feedback mechanisms for the pilot (visual and/or tactile), will affect learning and performance compared to conventional control. The project will also test the ability of pilots to multi-task using brain control by performing experiments where integration and interference between multimodal signals are investigated. In addition, if the control described above does not allow control of many degrees of freedom or allow for multitasking, we will test an alternative approach in which pilots will use their neural activity to select particular tactile sensory stimuli in order to control the aircraft.Finally, after the best approach and parameters are selected, the functionality of this brain control scheme will be tested in a high fidelity simulator as well as in a real life UAV, which will provide the basis for the applicability of this project to future transport systems.""""",,
190,101288499,NOMAD,Next-Gen Service Oriented Modular ATM Development for Enroute & TMA​,"The NOMAD project (Next-Gen Service Oriented Modular ATM Development for En-Route & TMA) addresses the SESAR 3 IR-02 WA3.1 call by defining, building, and validating the next generation of service-oriented, modular and multi-vendor ATM platform. Its ambition is to establish an agile, interoperable and future-proof environment for ATS provision, supporting the Digital European Sky vision (DES Phase D) and the connected objectives within the European ATM Master Plan. NOMAD is structured around two complementary solutions. Solution 1, Automated, Demand-Driven Air Traffic Control, pioneers advanced operational concepts, focusing on human–machine teaming and dynamic demand–capacity balancing. It leverages AI, data-driven methods, and digital communications to deliver resilient automation up to confined Level 4, support TBO, and enable silent, datalink-based ATC, Local DCB and many more operational and technical enablers. Solution 2, Service-Driven Next-Generation ATS Platform, develops the enabling technical foundations: a multi-vendor, cloud-native architecture with modular service integration, automated deployment and orchestration, and robust cyber-resilience. It ensures flexibility, scalability, and trust, enabling ANSPs to integrate services from multiple providers while meeting stringent security and certification requirements. A multidisciplinary consortium of ANSPs, ATM system providers, EFB providers, research institutions and industry partners ensures a genuine multi-vendor approach. NOMAD will deliver iterative validation simulations across multiple European sites, reaching TRL 6 with most operational and technical solutions, including a TRL7 Shadow exercise. By combining operational innovation with technical enablers, NOMAD will reinforce Europe’s leadership in ATM digitalisation, reduce costs and environmental footprint, enhance system resilience, increase competitiveness  and deliver societal benefits through safer, greener, and more reliable air transport.",,
191,271881,ADAVES,Advanced avionics equipment simulation,"The objective of the project is to develop a high fidelity and accuracy GPS system simulation, capable of being seemly integrated in Green Regional Aircraft (GRA) flight simulator.The development of a green FMS is an essential factor for integrating green technologies in GRA simulator and for achieving the following Clean Sky environmental goals.•50% reduction of CO2 emissions•80% reduction of NOx (nitrogen oxide) emissions•50% reduction of external noiseTo support the green FMS system development, a GPS simulator shall be developed taking into consideration that navigation scenarios presented by both NextGen (EUA) and  SESAR (UE) Master Plans.These Roadmaps present the FMS increasingly relying on GNSS systems, in particular the current SESAR 2020 Navigation roadmap considers the following scenario:•Primary aircraft positioning means will be satellite based for all flight phases",,
192,101102007,HERA,Hybrid-Electric Regional Architecture,"HERA will identify and trade-off the concept of a regional aircraft, its key architectures, develop required aircraft-level technologies and integrate the required enablers in order to meet the -50% technology-based GHG emission set in SRIA for a Hybrid-Electric Regional Aircraft.The HERA aircraft, having a size of approximately of 50-100 seats, will operate in the regional and short-range air mobility by mid-2030 on typical distances of less than 500 km (inter-urban regional connections). The aircraft will be ready for future inter-modal and multi-modal mobility frameworks for sustainability.The HERA aircraft will include hybrid-electric propulsion based on batteries or fuel cells as energy sources supported by SAF or hydrogen burning for the thermal source, to reach up to 90% lower emissions while being fully compliant with ICAO noise rules. The HERA aircraft will be ready for entry into service by mid-2030, pursuing to the new certification rules, able to interact with new ground infrastructure, supporting new energy sources. This will make HERA aircraft ready for actual revenue service offering to operators and passengers sustainable, safe and fast connectivity mean at low GHG emissionsHERA will quantitatively trade innovative aircraft architectures and configurations required to integrate several disruptive enabling technologies including high voltage MW scale electrical distribution, thermal management, new wing and fuselage as well as the new hybrid-electric propulsion and related new energy storage at low GHG. To support this unprecedented integration challenge, HERA will develop suitable processes, tools and simulation models supporting the new interactions, workshare in the value chain and interfaces among systems and components. HERA will also elaborate on the future demonstration strategy of a hybrid–electric regional aircraft in Phase 2 of Clean Aviation to support the high TRL demonstration required for an early impact for HERA solutions.",,
193,323543,L-CROR CTS,Low speed aerodynamic test of large CROR aircraft model in a closed test section,"Tests will be performed on a full model with installed CROR engines. The model will be mounted on a ventral sting, located at tunnel centre line. The model is provided with two powered Counter-Rotating propellers which are driven by two air motors (owned by the Topic Manager).The aim of the test is to determine the aerodynamic performance and stability & control characteristics of a CROR powered aircraft. During the test, innovative measuring techniques and hardware solutions will be used to assess the aerodynamic signature.The test will be performed in the 8mx6m closed test section of DNW-LLF.""""",,
194,267651,LUBEST,Performance and qualification tests of lubrication system equipment,"ULB-ATM will adapt its current test benches for lubrication equipment to the new requirements imposed by the CROR application. The lubrication equipment to be tested are lubrication pumping units (one at a time or several together), oil tanks, heat exchangers and various associated components as filters, valves and other accessories like sensors or monitoring devices.All tests will be performed with the double objective of validating the design of the lubrication components as well as characterizing their performance with the qualification requirements in mind.ULB-ATM has already obtained the qualification of its test benches from Techspace Aero for his """"clean oil"""" lubrication test bench and his """"polluted oil"""" test bench.""""",,
195,714486,SPAIN,Smart Panels for SAT Aircrafts Cabin Insulation,"SPAIN Project main goal is to move from the current design of the fuselage insulation  for small aircraft towards an innovative concept that considers insulation as a characteristic provided by the cabin lining panels. More than researching new and innovative materials for applications in aircraft cabin insulation(because such a solution could require a long certification  process that could deviate the project from the focused TRL)SPAIN Project aims to be innovative in terms of insulation blanket construction methods for coupling the best thermal and acoustics characteristics and in cabin insulation system design methodologies suited for SAT community.SPAIN Project aims at researching a cabin insulation system that limiting the increase of the  acquisition cost, when referred to standard insulation system for small aircraft, at  5% and that having at least the same weight per square meterof the present similar cabin insulation systems used on SAT aircrafts, will have the following expected targets: Reduced cabin noise; Improved accessibility and reduced maintenance cost linked to the insulation system removal; Improved installability and reduced use of installation means with benefits on total final cost.In addition the solution will push at the highest standards the requirements for thermal insulation and acoustic for small aircraft in order to have low weight solution, innovative materials and technology available at a relative low cost for SAT community.",,
196,699340,AURORA,Advanced User-centric efficiency metRics for air traffic perfORmance Analytics,"This project will propose advanced metrics to assess the operational efficiency of the ATM system (challenge of the topic ER-11-2015). These new metrics will be developed with the aim of encapsulating the airspace users’ operational objectives, considering fuel consumption, schedule adherence and cost efficiency of the flights. User-preferred trajectories will be defined as references for performance analysis purposes. AURORA will also propose metrics to measure how fairly the inefficiencies in the system are distributed among the different airspace users.The other main research area will consist of exploring and testing techniques borrowed from the data science and information management fields for the collection and aggregation of data. These techniques will allow AURORA to propose a new framework for ATM decision-making based on real-time performance monitoring of user-centric efficiency indicators, where the airspace users could take an active role.AURORA will validate all these advanced user-centric efficiency metrics (and the proposed methods to obtain them) at European and local level by comparing them with today’s Flight Efficiency indicator used by the Performance Review Commission. AURORA will also assess the benefits for the performance-oriented operational concepts (e.g. SESAR) of using the real-time ATM performance monitoring framework to identify opportunities to improve system efficiency and better cater for the users’ operational needs.The innovative method to assess the metrics will be based on defining a generic advanced trajectory-based airline cost model that captures, to the extent required for air traffic efficiency assessment, the impact of different aspects of the trajectory (e.g. fuel burn or departure and arrival times) on the airlines’ operational costs. The model will be characterized by not requiring sensitive information from the airspace users and by the fact that it will be applicable to both recorded and streaming data.",,
197,754660,MOTIVATE,Matrix Optimization for Testing by Interaction of Virtual And Test Environments,"A significant step change is proposed in the way virtual and test environments are used together in an industrial environment to reduce the cost, risks and time associated with product development.  Enabling technologies, which have been demonstrated in laboratory conditions during a series of EU FP 5 and 7 projects, will be transitioned into the industrial environment and demonstrated in a structural test on an aircraft subcomponent.  In more detail: approaches to quantifying uncertainty in measurements of displacement and strain fields obtained using digital image correlation will be reviewed and a simple-to-use, robust methodology developed for use in industrial environments, with attention paid to the need to consider the entire measurement volume as well as within the same timescale as a structure test.  In addition, recent advances in the validation of simulations, using image decomposition to compare predicted and measured data fields, will be incorporated into advanced structural test protocols taking account of uncertainties to provide statements on the extent to which the predictions represent reality, i.e. the validity of the simulations.  Best practice guidelines will be developed to allow the test matrix to be optimised thus minimizing the cost and time required for tests while maximising the reliability and credibility of the simulations.  The proposed research represents a significant and generic advance in the technologies and methodologies used to validate computational models of structures that will benefit a wide range of industrial sectors, including the aerospace industry where it will support the introduction of disruptive technologies, such as highly integrated structures, by enabling high fidelity simulations.  A strong programme of exploitation and dissemination is proposed using traditional routes as well as digital shorts, webinars, and a blog as well as workshops linked to the revision of the prenormative document published by CEN.",,
198,266172,SMAES,Smart Aircraft in Emergency Situations,"Ditching analysis is requested for large transport aircraft by EASA. The respective requirements are specified under § ‘’CS 25.801 Ditching’’. They are primarily devoted to a minimisation of risks for immediate injuries and the provision of fair chances for an evacuation. A significant part of average air travel is over water and historically a planned or unplanned water-landing event occurs grossly speaking every 5 years.This proposal directly addresses areas """"7.1.3.3: Aircraft Safety"""" and “7.1.4.1: Aircraft Development Cost”.  The primary outcome of the SMAES project will be advanced methodologies and simulation tools to support aircraft development from pre-project phase to certification.  These will enhance future innovation in aircraft design through ensuring that innovative designs are compliant with safety requirementsThe key developments addressed in the work programme are:1.Improved models for the calculation of ditching loads including both analytical and detailed fluid dynamics models.   Inclusion of the effects of the complex flow physics in ditching is critical to prediction of ditching loads.2.Reliable and predictive aircraft models for structural behaviour under dynamic fluid loads.3.Demonstration of the methods on representative future aircraft design concepts.The consortium brings together aircraft manufacturers, analysis software developers, research organisations and universities.  Together the partners form a strong team covering the required expertise in aircraft design, numerical methods and simulation, ditching analysis and supporting experimental methods to achieve the project objectives.""""",,
199,255741,SMASH,Smart Methodologies and multilevel/multiscale Analysis of composite stiffened panel for Structural Health monitoring,"The concept of sensorised structures for the purpose of damage detection and recording changes of strain fields is of growing interest to reduce the maintenance activities as well as to improve the aircraft safety. The general objective of this proposal is to develop effective computational tools for the development and manufacturing of aircraft stiffened composite sensorised composite structures for impact damage detection as outlined in CfP JTI-CS-2009-1-GRA-01-005. Different SHM methods for Piezoceramics and Fiber Optic sensors will be developed. In this proposal, we will develop: • smart computational methodologies to accurately simulate the sensing/actuating of a smart panel; • methods based on Lamb waves and Electormechnaicam Impedance; • optimum sensor layout methodology (i.e. number and location of sensors), using smart FE, test data and optimisation;. • a neural network using test results and smart FE; • generation of response functions and metalmodels using the neural network and smart FE; • a multilevel analysis of stiffened composite panel; • robust methodologies for multiscale modelling of woven composites and multiscale/multilevel environment for modelling material degradation and damage; • validation through test data. The above innovative developments will form validated methodologies of high relevance to the Aeronautical industry.",,
200,325965,EWIS SAT,Safety Analysis Tools for Electrical Wired Interconnected Systems,"The scope of work defined in the CSJU Topic description (from now on referred to as the Topic) contains different specific areas that require improvements and extension of existing DS safety tools.  Dassault Systèmes will perform the tool improvements to comply to CS25. 1709 standard, in the safety and requirement traceability environments while Keonys will handle the interfacing part between EWIS database, tools of the caller and safety analysis tools.Those items are distributed into five main work packages dealing with project management (WP0), safety schematic (WP1), requirements managements and traceability (WP2), analysis tools (WP3), post processing & report(WP4).""""",,
