n,source_id,acronym,meur,titre,resume_court,label_propose,raison
1,716864,DADIYSO COMP,0.34,DESIGN AGAINST DISTORTION WITH LAYUP AND SHAPE OPTIMIZATION OF CARBON-EPOXY AEROSPACE COMPOSITES,"In the “DADIYSO COMP” project Swerea SICOMP covers the entire topic and will be the only partner. Swerea SICOMP will develop an FE-based simulation tool for rapid predictions of cure induced part distortions including sub models for cure kinetics, glass transition, and constitutive relations among other aspects. A balance between accuracy, complexity, and simulation time will be achieved which wil",core,Optimisation de drapage et de forme contre la distorsion de pièces carbone-époxy.
2,893864,DACUS,1.74,Demand and Capacity Optimisation in U-space,"DACUS aims at the development of a service-oriented Demand and Capacity Balancing (DCB) process for drone traffic management. This overall objective responds to an operational and technical need in European drone operations for a tangible solution integrating the functionalities of the SESAR U-space services for Drone Traffic Management (DTM) to produce timely, efficient and safe decisions.The pro",core,"Le texte porte « drone », « sesar » — objet développé apparemment aéronautique."
3,755610,AlForAMA,0.60,Innovative Al alloy For aircraft structural parts using Additive MAnufacturing technology,"The main goal of AlForAMA project is to develop an innovative High Strength Al alloy, feasible by powder metallurgy and suitable for Selective Laser Melting (SLM), with improved weldability and increased mechanical and corrosion resistance in comparison to cast grades Al alloys currently employed in Additive Manufacturing (AM).AlForAMA project is focused on powder bed based additive manufacturing ",core,Le texte porte « aircraft » — objet développé apparemment aéronautique.
4,270584,ELTESTSYS,0.44,ELECTRICAL TEST BENCH DRIVE SYSTEMS: MECHANICAL INTERFACES,"The aim of this project is to design, manufacture, commissioning and validation of four complete and identical driving systems for a ground test bench intended to be used for aircraft starters/generators testing. The four driving systems will be integrated in one single product and will function simultaneously or not, independently and/or interdependently. Each system will drive one single generat",core,"Le texte porte « maintenance », « aircraft » — objet développé apparemment aéronautique."
5,945529,GAM-2020-TE2,4.64,TA “Technology Evaluator” (GAM-2020-TE2),This Grant Agreement refers to TE activities in the period 2020 to mid 2024.,core,« Technology Evaluator » — l'évaluation environnementale des technologies d'un programme aéronautique.
6,265695,AFDAR,2.66,Advanced Flow Diagnostics for Aeronautical Research,"The objective of AFDAR is to develop, assess and demonstrate new image-based experimental technologies for the analysis of aerodynamic systems and aerospace propulsion components. The main development focus is on new three-dimensional methods based on Particle Image Velocimetry (PIV) to measure the flow field around aircraft components, and on the high-speed version of the planar technique for the",core,"Le texte porte « aeronautical », « aeronautic », « aircraft » — objet développé apparemment aéronautique."
7,323408,EPOCAL,0.22,EPOCAL: an Electrical POwer Center for Aeronautical Loads,"The main objective of the current proposal is the development of an Electrical Power Center (EPC) integrated with a devoted Control Console (CC), enhanced with advanced electrical power management strategies. The proposal is based on the following keypoints:1) an Electrical Power Center equipped with Solid State Power Controllers (SSPCs) for both energy management and protection functions will be ",core,"Le texte porte « aeronautical », « aeronautic » — objet développé apparemment aéronautique."
8,891287,IMHOTEP,2.00,Integrated Multimodal Airport Operations for Efficient Passenger Flow Management,"The airport of the future is expected to become a multimodal connection platform, creating the conditions for travellers to reach their destination by the most efficient and sustainable combination of modes and allowing the airport and its surrounding region to make a better use of their resources. The goal of IMHOTEP is to develop a concept of operations and a set of data analysis methods, predic",core,Le texte porte « airport » — objet développé apparemment aéronautique.
9,267309,TILTOP,0.29,Efficient Shape Optimization of Intake and Exhaust of a Tiltrotor Nacelle,"The present proposal describes the methodology to be used for an efficient optimization of both the intake and exhaust geometry of a tiltrotor nacelle. Specific objectives of such activity are the following: i) to set up of a comprehensive and fully automatic optimal design tool, integrating the software in use at the GRC consortium and in-house optimizer already developed by the applicant; ii) to",core,"Le texte porte « tiltrotor », « nacelle » — objet développé apparemment aéronautique."
10,865416,AS-DISCO,0.68,AS-DISCO - Audio Suite for Disruptive Cockpit Demonstrator,"This proposal answer to the call proposal identified with the code JTI-CS2-2018-CfP09-LPA-03-17, which belongs to the European program Clean Sky 2. The proposal presents AS-DISCO project which main objective is to define and implement IMA concept for Audio Communications Manager.This project will consequently contribute to the innovative and disruptive new aircraft cockpit concepts validation on L",core,"Le texte porte « aircraft », « cockpit », « avionic » — objet développé apparemment aéronautique."
11,738028,BEATTI,0.50,BEaring Advanced Technologies for Turboprop engine Innovation,"Turboprop engine is the key to contribute to the EU competitiveness growth as well as to tackle the important commitment of sustainable and green transport (SAGE programme). This innovation will be clearly addressed also by the bearings that are directly involved in power efficiency and reliability, highly crucial for the engine development itself. BEATTI project proposes advanced bearings (in ter",core,Le texte porte « turboprop » — objet développé apparemment aéronautique.
12,101140499,HEROPS,29.68,Hydrogen-Electric Zero Emission Propulsion System,"HEROPS aims to introduce climate-neutral propulsion into regional aircraft by developing MTU’s Flying Fuel Cell (FFC) propulsion system concept for entry into service in 2035. This disruptive hydrogen-electric propulsion system uses fuel cells as sole power source and a liquid hydrogen fuel system, without the need for high-power batteries. Integration of both the fuel cell system and the electric",core,"Le texte porte « certification », « aviation », « aircraft » — objet développé apparemment aéronautique."
13,890378,USEPE,2.00,U-space Separation in Europe,"The U-space concept was the response of the Warsaw Declaration in 2017 to use drones as a leverage for jobs and new business opportunities. The U-space Blueprint published by the SESAR Joint Undertaking in 2017, states that “U-space is a set of new services and specific procedures designed to support safe, efficient and secure access to airspace for large numbers of drones”.The number of drones' a",core,"Le texte porte « aircraft », « flight », « drones » — objet développé apparemment aéronautique."
14,604013,AFLONEXT,23.61,"""2nd Generation Active Wing“ –  Active Flow- Loads & Noise control on next generation wing""""",AFLoNext is a four year EC L2 project with the objective of proving and maturing highly promising flow control technologies for novel aircraft configurations to achieve a quantum leap in improving aircraft’s performance and thus reducing the environmental footprint. The project consortium is composed by forty European partners from fifteen countries. The work has been broken down into seven work p,core,"Le texte porte « flight test », « aircraft », « airframe » — objet développé apparemment aéronautique."
15,821375,PHP2,1.49,Pulsating Heat Pipes for Hybrid Propulsion systems,"As part of H2020 program, Clean Sky 2, the present topic is associated within WP1.6 “Demonstration of Radical Aircraft Configurations” and more specifically subWP1.6.2 “Hybrid Power Bench Development and Testing”. It aims at using Pulsating Heat Pipes (PHP) to exchange large amounts of energy for the cooling of different elements.The solution proposed here is to develop a very detailed 1D simulati",core,Le texte porte « aircraft » — objet développé apparemment aéronautique.
16,945549,GAM-2020-ECO,3.57,Eco-Design Transverse Activity,"Integrating ecologic, economic and socio-economic effects, ecoDESIGN will strongly contribute to sustainability and future competitiveness of the European aviation industry according the European Eco innovation agenda. It covers the assessment of materials, processes and resources (MPR) employed along the entire aircraft life cycle. Based on the fundamental structure of eight Eco themes , ecoDESIG",core,"Le texte porte « aviation », « aircraft » — objet développé apparemment aéronautique."
17,285842,HIPE AE 440,5.45,Diesel Powerpack for a Light Helicopter Demonstrator,"Within the last years the pressure of the European society to improve the environmental performance of aviation has grown significantly. Different approaches have been made to address this problem in a proper manner and especially within the Clean Sky program different projects are planned, which yield in a significant reduction of fuel consumption and CO2 emissions.Up to now for aviation engines ",core,"Le texte porte « helicopter », « aviation », « flight » — objet développé apparemment aéronautique."
18,821233,RIB-AM,0.57,Research of Innovative and Breakthrough Additive Manufactured leading-edge concept,"RIB-AM project will contribute to the CleanSky 2 objectives with the development of novel manufacturing technologies applied large size components belonging to the primary structure of aircrafts. Within this set of manufacturing techniques stand out the Automatic Fibre Placement (AFP) using thermoplastic resins, the innovative additive manufacturing process with short-fibre reinforce thermoplastic",core,Le texte porte « aircraft » — objet développé apparemment aéronautique.
19,314061,STARGATE,5.00,Sensors Towards Advanced Monitoring and Control of Gas Turbine Engines,"The headline objective of this project is to develop a suite of advanced sensors, instrumentation and related systems in order to contribute to the development of the next generation of green and efficient gas turbine engines (AAT.2012.1.1-3&4).Sensors are a vital enabling technology for gas turbines and are critical to validation of design tools, new products, engine control, and health monitorin",core,Capteurs et instrumentation pour moteurs à turbine à gaz.
20,620120,AFOOT,0.30,Advanced FOrging of an Optimized Turbine casing,The objective of this project is to determine and validate a robust set of forging and heat treatment parameters leading to the forging of a fan case for a geared turbofan demonstrator as part of the Sustainable and Green Engine (SAGE) platform by making the microstructure of ATI 718Plus stable against overaging effects occurring during long-term exposure at 700°C.This project represents the colla,core,Le texte porte « turbofan » — objet développé apparemment aéronautique.
21,101255065,LEIA,35.00,Large scalE Integration demonstrator of hybrid electrical Architecture,"LEIA (Large scalE Integration demonstrator of hybrid electrical Architecture) is fundamental in the context of Clean Aviation's strategic goals to reduce greenhouse-gases emissions and advance green aviation technologies. This challenge is often associated with propulsion technologies or disruptive wing configurations, but it is not limited to that, and both pathways are enabled by novel system te",core,"Le texte porte « certification », « aviation », « aircraft » — objet développé apparemment aéronautique."
22,821079,E-BRAKE,1.07,"Design, Manufacturing and Qualification up to TRL5 of Innovative Electro-Mechanical BRAKE actuation System for SAT Application","The E-BRAKE project is aimed at developing, manufacturing, testing, and qualifying an Innovative Electro-Mechanical Braking actuation System for SAT Application, performing at the same time studies on electromechanical actuator, command logic including diagnostic and prognostic capabilities and system integration and validation of novel electro-mechanical brake actuation system into a relevant lan",core,"Le texte porte « airworthiness », « aircraft », « landing » — objet développé apparemment aéronautique."
23,101102020,AMBER,30.81,InnovAtive DeMonstrator for hyBrid-Electric Regional Application,"Climate change poses an unprecedented challenge on today’s society. Numerous studies highlight the urgent need to decarbonize global industry and to drastically reduce pollutant emissions across all sectors, including aviation. Although, the global environmental impact of aviation is mostly driven by small-medium range market aircraft due to the large volume of operations, the development of disru",core,"Le texte porte « aviation », « aircraft » — objet développé apparemment aéronautique."
24,307869,ELWIPS,0.89,Electro-thermal Laminar Wing Ice Protection System Demonstrator,"This proposal regards designing, building and testing a functional prototype of part of a laminar wing fitted with electro-thermal ice protection (ETIPS) for a business jet.  The aim is to show innovation in the use of composite materials for the fixed leading edge, (e.g. Fibre/Metal Laminates), which are thermally efficient, can be manufactured to tight laminar wing tolerances and comparable to a",core,Protection électro-thermique contre le givre d'une aile laminaire — prototype fonctionnel.
25,285050,WEZARD,0.50,Weather hazards for aeronautics,"On April 14th, 2010, the eruption of the Eyjafjallajökull volcano and the accompanying cloud of volcanic ash forced most countries in northern Europe to shut their airspace, grounding more than 100,000 flights, affected an estimated 10 million travellers and had a financial impact of 5 bn US$ over a seven day period.  This event revealed to what extent our society and economy rely on the availabil",core,"Le texte porte « air transport », « aeronautical », « aeronautic » — objet développé apparemment aéronautique."
26,278366,CASE,0.69,Fuel Control System Sensors and Effectors,"This abstract highlights the approach taken to meeting the technical requirements of the call, the partnership with two SMEs, the European dimension of the proposal, and the inclusion of universities and specialist sub-contractors.AEC has identified specific technologies (eddy current and ultrasonic acoustic sensors, and piezoelectric actuators) as having significant potential for new forms of imp",core,Capteurs et effecteurs d'un système de régulation carburant.
27,864726,TRAIL,5.20,"Design, manufacture and deliver a high performance, low cost, low weight Nacelle Structure for Next Generation Tilt-Rotor (NGCTR)","The aim of the Clean Sky 2 topic JTI-CS2-2018-CFP09-FRC-01-26 “Design, manufacture and deliver a high performance, low cost, low weight Nacelle Structure for Next Generation TiltRotor (NGCTR) - Technology Demonstrator (TD)” is to develop innovative: lightweight materials, architecture, technologies, fire resistant materials, control of structural borne vibration to be applied on the Nacelle of the",core,"Le texte porte « air transport », « helicopter », « tiltrotor » — objet développé apparemment aéronautique."
28,783178,DIGITS-AU,4.31,Demonstration of ATM Improvements Generated by Initial Trajectory Sharing - Airspace User Part,"*  DIGITS-AU is the essential Airspace User complement to the DIGITS project (Demonstration of ATM Improvements Generated by Initial Trajectory Sharing). DIGITS was granted under H2020-SESAR-2015-2, SESAR.ID-VLD.Wave1-27-2015, and its continuation is dependent on the participation of Airspace Users (AU).*  As required, DIGITS-AU brings together Airspace Users- who operate (even partially) in the a",core,"Le texte porte « air traffic », « airborne », « avionic » — objet développé apparemment aéronautique."
29,641553,HITECA,0.24,technology development and fabrication of HIgh TEmperature high frequency CApacitors for power switch integration,"Automotive, aerospace, and energy production industries can greatly benefit from the development of semiconductor based electronics operating at temperature higher than 150 °C.  Wide bandgap semiconductors like SiC and GaN are key enablers as these allow electronics to function at much higher temperatures than silicon. Consequently devices made from these materials can handle more current and thus",a_arbitrer,"Électronique haute température annoncée pour l'automobile, l'aérospatial ET l'énergie (I13 possible)."
30,101166886,DIALOG,1.97,"Deciphering Intents of Air traffic controllers,  workLOad assessment and Gaze analysis to enable their efficient and trustworthy collaboration with AI",The DIALOG project aims to improve collaboration between air traffic controllers (ATCOs) and artificial intelligence (AI) systems in air traffic management. It addresses a very ambitious goal of enabling AI members of human-AI teams to anticipate when and what kind of assistance their human teammates need and to respond on that. DIALOG will develop an AI-based digital assistant called Teamwork Ass,core,Le texte porte « air traffic » — objet développé apparemment aéronautique.
31,326000,CLEANLE2,0.47,Demonstration of  a Decontamination Device Protoype for buisness jets and  Experimental Validation,"This project is to validate a cleaning device capable of clearing out small debris from the leading edges of business jets or airliners, to keep the flow as laminar as possible on the leading edge of the wing. The cleaning concept will be compatible with the surface treatment of the leading edge of commercial aircrafts. Typically this concerns the contamination of leading edges by insect impact.  ",core,"Le texte porte « aircraft », « airline » — objet développé apparemment aéronautique."
32,807085,ENG GAM 2018,171.92,Engine ITD - GAM 2018,"Engines ITD will work towards radical engine architectures and new engine technologies to power the aircraft of the future. The objective is to increase fuel and energy efficiency of the engine and reduce environmental impact, regardless of whether the engine is powering a large airliner or just a small utility aircraft, meaning more thrust while burning less fuel and emitting less CO2, NOx and no",core,"Le texte porte « aircraft », « airline » — objet développé apparemment aéronautique."
33,717064,BRIDAS,0.35,Brillouin Distributed sensor for Aeronautical Structures,"The proposal is addressed to the development of a prototype for distributed strain measurements in optical fibers for industrial aeronautical contexts: composite manufacturing plants, structural test platforms and airborne conditions. The prototype will be based on stimulated Brillouin scattering (SBS), and will be aimed to the structural health monitoring of composite parts employed in the aerona",core,"Le texte porte « aeronautical », « aeronautic », « aircraft » — objet développé apparemment aéronautique."
34,999905,TE,14.74,JTI-Clean Sky 1-Technology Evaluator,"TE: Clean Sky was launched with the goal to bring technology to maturity that could, as a set of solutions, deliver a substantial majority of the ACARE targets for the Environment. These ACARE goals (based on the VISION 2020 paper issued in Year 2000), concern aircraft technologies which are assumed to be available by 2020 for absorption into future product developments. - CO2 emissions reduced by",core,"Le texte porte « air transport », « air vehicle », « rotorcraft » — objet développé apparemment aéronautique."
35,821300,HAIRMATE,0.86,Hybrid AIRcraft seating MAnufacturing & TEsting,"HAIRMATE project aims to design and manufacture moulds for manufacturing and testing the next generation aircraft seating obtained in the HAIRD project. Within the HAIRD project a new seating with reduction of Deep Vein Thrombosis (DVT) risk, multi-functionality and simple surfaces for composite manufacturing was designed. The moulds to manufacture the structural parts and the cushion will be manu",core,Le texte porte « aircraft » — objet développé apparemment aéronautique.
36,101102003,H2ELIOS,9.96,HydrogEn Lightweight & Innovative tank for zerO-emisSion aircraft,"To enable a technologically and economically feasible H2-powered aviation, new integral LH2 tank solutions are required that could serve as part of the airframe main structure and capable of withstanding its respective loads. The H2ELIOS project will develop an innovative and effective lightweight LH2 storage system for aircraft. It will be implemented as demonstrators in two fuselage-like cylinde",core,"Le texte porte « aviation », « aircraft », « fuselage » — objet développé apparemment aéronautique."
37,865118,GLIMPSE2050,0.19,Global Impact Assessment of Regulations and Policies for Sustainable Aviation by 2050,"Cross-positioned in Clean Sky 2 and part of Clean Sky 2 TE, GLIMPSE2050 quantifies the environmental impact at air transport system level up to 2050 of regulations and policies that are currently discussed and potentially introduced until 2040. This impact includes noise and emissions. From this quantification, GLIMPSE2050 provides recommendations to target stakeholders.Through its quantification,",core,"Le texte porte « air transport », « aviation », « flight » — objet développé apparemment aéronautique."
38,820997,ANACO,2.26,Advance Nacelle Aerodynamic Optimisation,"ANACO will facilitate the multi-objective optimisation of short and slim nacelle design for the next generation of ultra-high bypass ratio (UHBPR) aero engines. UHBPR engine architectures offer increased propulsive efficiency through operation at reduced specific thrust, enabled by increased engine diameter. This poses special challenges, both in terms of the aerodynamic drag of the isolated nacel",core,"Le texte porte « aircraft », « nacelle » — objet développé apparemment aéronautique."
39,101007712,H2Free,1.00,Investigation and modelling of Hydrogen effusion in electrochemically plated ultra-high-strength-steels used for landing gear structures,"One drawback associated to Ultra High Strength Steels (UHSS) coated components is the risk of hydrogen embrittlement (HE) and delayed hydrogen fracture of the part. This problem has been tackled by developing LHE (Low HE) processes and by applying a degassing stage. The standard degassing process is applied equally to the components regardless UHSS or coating composition/morphology. However, it is",core,"Le texte porte « certification », « landing » — objet développé apparemment aéronautique."
40,785539,CIDAR,2.01,Combustion species Imaging Diagnostics for Aero-engine Research,"The CIDAR project is the result of a Consortium formed by Academic Parties (Manchester, Strathclyde and Edinburgh Universities), a Research and Development Organization (INTA) and private companies (DAS and OptoSci). Therefore, CIDAR builds upon the expertise of the UK's and Spain’s world-leading groups in fibre-lasers, laser based gas and particulate detection, opto-electronics, and chemical spec",core,"Le texte porte « turbofan », « aviation » — objet développé apparemment aéronautique."
41,632456,WITTINESS,0.75,WindTunnel Tests on an Innovative regional A/C for Noise assessment,"WITTINESS adresses the acoustic measurement campaign of previously (in a different CfP) designed WT-model, equipped with engine-demonstrators. In order to tackle this project a consortium including a company experienced in design, structural mechanics and aerodynamics, a SME, a manufacturer and a university with a strong focus on acoustic measurements propose an approach to use the previously desi",core,Essais en soufflerie d'un avion régional pour l'évaluation acoustique.
42,785520,NATHENA,1.50,New Additive manufacTuring Heat ExchaNger for Aeronautic,"New Additive manufacTuring Heat ExchaNger for AeronauticToday’s technologies and processes dedicated to the exchangers manufacturing hamper progress on higher performances (mechanical assies of repetitive and regular unitary components like folded sheet metal and/or tubing mostly welded).Traditional manufacturing entails limit for the customization of the inner structure, which have a direct impac",core,Le texte porte « aeronautic » — objet développé apparemment aéronautique.
43,831815,ACCENTO,0.68,ACCENTO (Active Clearence Contol dEsigN and characTerizatiOn). Advanced investigations on different Low Pressure Turbine Active Clearance Control (LPTACC) system by means of CFD and experiments.,This proposal refers to the Clean Sky 2 topic JTI-CS2-2018-CfP08-ENG-01-36 “Optimizing impingement cooling”. The objective of ACCENTO (Active Clearence Contol dEsigN and characTerizatiOn) project is to carry out a series of advanced investigations on different Low Pressure Turbine Active Clearance Control (LPTACC) system pipes and target plates. The aim is to develop design/verification procedures,core,Contrôle actif des jeux et refroidissement par impact — organe de moteur.
44,278415,HELIDES,0.11,Helicopter Drag Prediction using Detached-Eddy Simulation,"Reduction of aerodynamic drag is central to the ACARE 2020 goal of reducing fuel consumption in air transportation. For rotorcraft, the majority of the drag occurs due to extensive flow separation around the fuselage and rotor hub. Such highly unsteady flows present significant challenges for computational fluid dynamics (CFD) techniques in terms of solution fidelity and computational expense.Howe",core,"Le texte porte « air transport », « helicopter », « rotorcraft » — objet développé apparemment aéronautique."
45,641592,HELI-COMFORT,0.72,Adaptable power density coating for energy efficient heating of cockpit and cabin,"The objective of HELI-COMFORT is to advance the technology readiness level of an innovative, purpose made, prototypic electrical heating system to a TRL 4 or higher level. After laboratory scale tests on smaller samples and an CFD based numerical simulation of such heating elements in a helicopter interior, this heating system will be integrated in an 1:1 helicopter mock-up and investigated under ",core,"Le texte porte « helicopter », « cockpit » — objet développé apparemment aéronautique."
46,699247,R-WAKE,1.00,Wake Vortex simulation and analysis to enhance en-route separation management in Europe,This project (R-Wake) aims at developing a simulation framework to assess the risk and hazards of potential wake vortex encounters for the en-route phase of flight.,core,Le texte porte « flight » — objet développé apparemment aéronautique.
47,783198,EMPHASIS,0.94,EMPowering Heterogeneous Aviation through cellular SIgnalS,"The key objective of the project EMPHASIS (EMPowering Heterogenuous Aviation through cellular SIgnalS) is to increase safety, reliability and interoperability of General Aviation/Rotorcrafts (GA/R) operations both with commercial aviation and with emerging drones operations. These aspects are foreseen as critical elements to secure and improve airspace access for GA/R users in future airspace envi",core,"Le texte porte « certification », « rotorcraft », « aviation » — objet développé apparemment aéronautique."
48,266073,ARISTOTEL,3.00,AIRCRAFT and ROTORCRAFT PILOT COUPLINGS – TOOLS AND TECHNIQUES FOR ALLEVIATION and DETECTION,"The ARISTOTEL project challenge is ensuring aircraft safety and aims to reduce the aircraft and rotorcraft accidents caused by a particularly unfavourable category of phenomena: aircraft-pilot-couplings and rotorcraft-pilot-couplings (A/RPCs). Generally, A/RPCs are defined as “inadvertent, sustained aircraft oscillations which are a consequence of an abnormal joint enterprise between the aircraft ",core,"Le texte porte « aeronautic », « rotorcraft », « aircraft » — objet développé apparemment aéronautique."
49,101256789,UNIFIED,64.12,Ultra Novel and Innovative Fully Integrated Engine Demonstrations,"The journey to climate-neutral aviation will require the power density of an ultra-efficient gas turbine combined with SAF, all highly integrated into an advanced aircraft platform for the SMR aircraft category. As the Clean Aviation SRIA states, this SMR aircraft category generates approx. 50% of the current share of air transport emissions, demonstrating the importance of the focus that is requi",core,"Le texte porte « air transport », « flight test », « turbofan » — objet développé apparemment aéronautique."
50,323047,CROP,0.60,Cycloidal Rotor Optimized for Propulsion,"The CROP project introduces an innovative propulsion system for aircrafts based on the cycloidal rotor concept, using an integrated approach that includes the electric drive train, airframe integration and an environmental friendly energy source.The CROP system is supported on a multiphysics approach:1. The high thrust is obtained by unsteady-based cycloidal rotor operation;2. The development of l",core,"Le texte porte « aircraft », « airframe », « landing » — objet développé apparemment aéronautique."
51,101286387,JARVIS-CONNECT,6.00,Just A Rather Very Intelligent and Connected System,"Aviation is entering an era of profound transformation, driven by the urgent need for safer, greener, and more efficient air traffic management (ATM). At the heart of Europe’s vision stands Trajectory Based Operations (TBO), a cornerstone of the European ATM Master Plan that will enable secured and timely exchange of aircraft trajectories among all actors, to support collaborative, data-driven dec",core,"Le texte porte « air traffic », « aviation », « aircraft » — objet développé apparemment aéronautique."
52,101114748,NETWORK TBO,5.63,Network Trajectory Based Operations,"The NETWORK Trajectory based operations (NETWORK TBO) project proposes to validate TBO SESAR Solutions covers all aspects of Trajectory management processes involving – but not limited to - Network actors. It covers both planning and execution phases. The proposed SESAR Solutions, with an indication of the Technology Readiness Levels (with the associated EOCVM level) at the end of the project, are",core,"Le texte porte « air navigation », « airborne », « icao » — objet développé apparemment aéronautique."
53,307612,BirdStrike,0.60,Investigation of Bird Strike criteria for Natural Laminar Flow wings,"The BirdStrike project aims to establish a validated bird strike analysis capability, which enables the SFWA partners to simulate bird impact on a CFRP leading edge for a NLF wing. This will be achieved by setting up a combined program of test and analysis to determine the extent of damage and criteria to be applied to analyses of leading edge panels for NLF wings.The main scientific and technical",core,Critères d'impact d'oiseau sur voilure à écoulement laminaire naturel.
54,632556,RIBES,0.22,Radial basis functions at fluid Interface Boundaries to Envelope flow results for advanced Structural analysis,"In the framework of Clean Sky2, Green Regional Aircraft - GRA - will deliver low-weight aircraft using smart structures. With the aim of mitigating environmental impact through a substantial reduction of pollutant emissions and fuel consumption, a reliable numerical methodology is required to accurately optimise the weight. The design process implies using of CFD and FEM structural models. Then th",core,"Le texte porte « aeronautic », « aircraft » — objet développé apparemment aéronautique."
55,999907,GRC,56.57,JTI-Clean Sky 1-Green Rotocraft -Integrated Technology Demonstrator,"GRC - Green Rotorcraft: The Green Rotorcraft ITD gathers and structures all activities concerning the integration of technologies and the demonstration on rotorcraft platforms, supported by activities performed within the Eco-Design ITD, the Sustainable and Green Engines ITD, the Systems for Green Operations ITD and the Technology Evaluator. It combines seven domains aiming at reducing the environ",core,"Le texte porte « helicopter », « rotorcraft », « airframe » — objet développé apparemment aéronautique."
56,738114,SMART-LAYUP,2.70,Development of innovative automated fibre placement machine for composite fuselage manufacturing with high performance hybrid materials,"SMART-LAYUP activities described in the present proposal will contribute to develop and validate an advanced process of hybrid materials automated lay-up for manufacturing of regional aircraft composite fuselage which allows a significant reduction of the overall production costs and manufacturing flow. After a developmental phase to be performed at MTORRES site, the innovative process and related",core,"Le texte porte « aircraft », « fuselage » — objet développé apparemment aéronautique."
57,807081,SYS GAM 2018,113.18,Systems ITD,"The Systems ITD will develop and build highly integrated, high TRL demonstrators in major areas such as power management, cockpit, wing, landing gear, to address the needs of future generation aircraft in terms of maturation, demonstration and Innovation.",core,"Le texte porte « aircraft », « landing », « cockpit » — objet développé apparemment aéronautique."
58,717186,OLTITA,0.35,O.M.P.M. LiferCraft Tail Innovative Tool Assembly,"The aim of this proposal is to develop, design, manufacture and deliver to the Core Partner of the Call For Core Partner AIR-02-02, the prototype assembly and transportation tooling for all components of the LifeRCraft Rotorless Tail that belong to the WP_B4.1 “Rotorless Tail for LifeRCraft” i.e.: Tail Boom, Horizontal Stabilizer, Vertical stabilizer, Control Surfaces, Upper Tail Boom Fairing. Com",core,"Le texte porte « flight test », « flight » — objet développé apparemment aéronautique."
59,270561,TEMPO,0.37,Thermal Exchange Modelling and Power Optimization,"In the frame of the proposed project, a comprehensive Modelica library for the modelling of aircraft air conditioning and thermal management will be developed, covering all relevant fluid domains as well as mechanical, electrical and control aspects. The developed library will cover:Vapour cycle system, including valves, heat exchangers (two phase – two phase, two phase – liquid, two phase – air),",core,Le texte porte « aircraft » — objet développé apparemment aéronautique.
60,252045,SMACMP,0.07,SMA Cytec Multilayer Prepreg,"The use of advanced composite materials brings to the aircraft design the benefits coming from a reduction in part counts and a simplification in the inspection and maintenance procedures. Hail, bird impacts and runway debris represents a big threat for aircraft structures and their effects shall be taken into account in the design phase leading to a redundant design and reducing the advantages co",core,"Le texte porte « maintenance », « aircraft », « fuselage » — objet développé apparemment aéronautique."
61,296543,ViMaQ,0.29,Hot sheet metal forming of aerospace materials - Virtual manufacturing and enhanced quality,"Hot stamping allows producing complex geometries from high performing materials. The use of this technique is increasing among automotive manufacturers because of the possibility to reduce weight without compromising with performance.The aim of this study is to tailor the press hardening technique to fit the materials and demands of the turbofan engine, hoping to reduce weight, waste, machining an",core,Le texte porte « turbofan » — objet développé apparemment aéronautique. Contexte multisectoriel mentionné (automotive) — vérifier I13.
62,717091,ASPIRE,0.82,Advanced Smart-grid Power dIstRibution systEm,"The ASPIRE Consortium will bring together their world-leading expertise in aircraft Electrical Power Systems (EPS) and Power Electronics (PE) in order to design, develop and manufacture an innovative DC/DC resonant cellular converter with automatic inversion functionality. This will be a key component in the creation and demonstration of an advanced Electrical Power Distribution System (EPDS) with",core,"Le texte porte « aviation », « aircraft » — objet développé apparemment aéronautique."
63,101251003,CRYOSTAR,5.06,Certification Roadmap to Yield an Optimal and Safety methodology of crashworthiness for an integrated cryogenic Tank for liquid hydrogen storAge on board of future aiRcraft,"Hydrogen is emerging as one of the most promising energy carriers for decarbonizing aviation, offering significant long-term potential for reducing greenhouse gas emissions. However, its implementation faces considerable technical and safety hurdles, particularly in relation to onboard storage and distribution. Hydrogen’s low volumetric energy density, even when stored as cryogenic liquid hydrogen",core,"Le texte porte « certification », « aviation », « aircraft » — objet développé apparemment aéronautique."
64,714249,ACTIonRCraft,0.80,Anti-Crash lightweight fuel bladder Tank Integrated on a new RotorCraft,"ACTIonRCraft will design, develop, manufacture, verify and validate [qualification tests (leakproofness, temperature, pressure, fluid susceptibility, mechanical and drop tests) up to flight tests] five qualified anti-crash lightweight fuel bladder tanks which will integrate for the very first time ZODIAC AEROSAFETY SYSTEMS (ASY) robust, light and ecofriendly technological breakthrough (functionali",core,"Le texte porte « maintenance », « flight test », « rotorcraft » — objet développé apparemment aéronautique."
65,101114733,DARWIN,3.46,Digital Assistants for Reducing Workload & Increasing collaboratioN,DARWIN ambition and vision is to develop technology enabling AI based level 4 automation for cockpit and flight operation as a key enabler for SPO (Single Pilot Operations) and demonstrate the same (or higher) level of safety with same (or lower) workload as operations with a full crew. It will bring solutions that will help the market maintain operational efficiency with increased complexity and ,core,"Le texte porte « aviation », « cockpit », « flight » — objet développé apparemment aéronautique."
66,211861,DREAM,25.00,valiDation of Radical Engine Architecture systeMs,"Since the publication of the ACARE goals, the commercial and political pressure to reduce CO2 has increased considerably. DREAM is the response of the aero-engine community to this pressure. The first major DREAM objective is to design, integrate and validate new engine concepts based on open rotor contra-rotating architectures to reduce fuel consumption and CO2 emissions 7% beyond the ACARE 2020 ",core,"Le texte porte « certification », « aeronautic », « turbofan » — objet développé apparemment aéronautique."
67,807090,FRC GAM 2018,86.00,Fast Rotorcraft,"The challenge in rotorcraft design is always to improve payload-lifting capability, reduce fuel burn and increase the vehicle's range – the traditional objectives in aeronautical design.",core,"Le texte porte « aeronautical », « aeronautic », « rotorcraft » — objet développé apparemment aéronautique."
68,865131,TCTOOL,1.05,"Innovative Tooling, End-Effector Development and Industrialisation for Welding of Thermoplastic Components","The next generation of large passenger aircraft will make extensive use of thermoplastic composites which could replace thermoset composites and metals in many areas of aircraft construction. Thermoplastic composites can be lighter in weight even than thermoset composites, but the key advantage is that they can be joined together using welding processes. This has the potential to eliminate many of",core,"Le texte porte « aircraft », « fuselage », « flight » — objet développé apparemment aéronautique."
69,101101961,HECATE,34.14,Hybrid ElectriC regional Aircraft distribution TEchnologies,"Aviation needs to meet the ambitious targets of the European Green Deal. This means a step change is needed towards hybrid electric regional aircraft to significantly reduce the fuel burn. This can only be accomplished with power distribution networks that can safely handle the high power and high voltage levels, ultimately up to several Megawatt. The HECATE project will address the associated cha",core,"Le texte porte « certification », « aviation », « aircraft » — objet développé apparemment aéronautique."
70,101114838,TRUSTY,1.00,TRUSTWORTHY INTELLIGENT SYSTEM FOR REMOTE DIGITAL TOWER,"Remote digital towers (RDT) are taking place around the world to ensure efficiency and safety.  TRUSTY harnesses the power of artificial intelligence (AI) to enhance resilience, capacity, and efficiency in making significant advancements in the deployment of digital towers. The overall goal of TRUSTY is to provide adaptation in the level of transparency and explanation to enhance the trustworthine",core,"Le texte porte « landing », « drone » — objet développé apparemment aéronautique."
71,831993,E-PILOTS,0.80,Evolution of cockPIt operations Levering on cOgnitive compuTing Services,"New technologies have allowed pilots to assume more responsibilities reducing the number of some mechanic and repetitive tasks through automation. The flight deck transition to digital computer-based flight management system has shown a reduction of the workload across a variety of tasks. However, there are still several open issues that requires further research and a deeper understanding of pilo",core,"Le texte porte « aircraft », « cockpit », « flight » — objet développé apparemment aéronautique."
72,686711,TiAlCracks,0.44,Crack growth threshold analysis in TiAl alloys,"The objective of the project is to investigate the fatigue crack growth (FCG) threshold and rate for long as well as short cracks of second generation TiAl alloys suitable for use in the Intermediate Pressure Turbine (IPT) of the UltraFanTM engine. The work includes in detail all investigations specified in the Call for Proposals JTI-CS2-2014-CFP01-ENG-03-04, that are:•determination of the FCG thr",core,Propagation de fissures dans les alliages TiAl de seconde génération — matériau d'aube de turbine.
73,336948,BUCOLIC,0.95,Buffet Control of Transonic Wings,"The aim of this work programme is to develop a capability to understand and predict transonic buffet on wings fitted with buffet control devices.Wind tunnel tests will be performed on a half model with buffet control devices fitted to measure dynamic flow characteristics during buffet onset.Unsteady RANS and DES CFD calculations will be carried out, validated against the wind tunnel data.  The CFD",core,Contrôle du buffet transsonique sur voilure.
74,831848,DENOX,0.61,Innovative Technologies of Electrochemical Suppression and Electromagnetic Decomposition for NOx Reduction in Aeroengines,DENOX project aims to develop and experimentally prove two breakthrough technology concepts and their optimal combination for drastic reduction of NOx emissions in aeronautic gas-turbine engines (GTEs).Technology concept 1 is electrochemical suppression of NOx generation in primary combustion zone. It consists in generation of modulated discharge(s) in combustion chamber to initiate chemical react,core,"Le texte porte « aeronautic », « aircraft » — objet développé apparemment aéronautique."
75,323475,E-SLEEVE,0.15,Direct filament wound rotor carbon resin sleeves by bulk curing and layer-by-layer Electron beam polymerisation,"E_SLEEVE activities deal with the design, set-up and demonstration of two distinct processes for the filament winding of the required carbon composite retaining sleeve, to be realized directly integrated onto the high speed motocompressor rotor of air conditioning systems used in aircraft application: the first one will use Cyanate Ester resin and subsequent bulk curing, the second one will use sp",core,Le texte porte « aircraft » — objet développé apparemment aéronautique.
76,278170,Neural,0.11,Neural network computation for fast trajectory prediction,The Neural project proposes to take advantage of the neural networks capabilities to approximate the aircraft performance models in order to achieve the High Speed Numerical Integrator pursued by the MTM. The Neural development would allow SGO ITD to evaluate the potential benefit of the Neural Network for improving the access to the performance data.The Neural consortium was created to join the a,core,"Le texte porte « aeronautic », « aircraft » — objet développé apparemment aéronautique."
77,323427,WELDMINDT,0.37,Open rotor Engine WELDed parts  inspection using MINiaturizable NonDestructive Techniques,"SAGE project, included in Clean Sky research project aims at demonstration of engines and technologies to reduce the fuel consumption and therefore reducing CO2 emissions in order to fulfill the European Aviation environmental objectives for 2020 of decrease 50% of CO2 emissions.WELDMINDT project is focused on giving solutions for the inspection of welded components with limited access in Open Rot",core,"Le texte porte « maintenance », « aviation » — objet développé apparemment aéronautique."
78,731781,PJ02 EARTH,15.59,Increased Runway and Airport Throughput,"EUROCONTROL’s 2013 Challenges of Growth Report “by 2035 more than 20 airports are operating at 80% or more of capacity for 6 or more hours per day … drives ATFCM airport delay up from around 1 minute/flight in 2012 to 5-6 minutes in 2035.”Whereas social, economic and environmental constraints impede building new runways, secondary airports are hindered by technical, infrastructure and meteorologic",core,"Le texte porte « helicopter », « rotorcraft », « aviation » — objet développé apparemment aéronautique."
79,887240,AEROMO2,0.88,Towards the application of MOrphing MOvables in AEROstructures,"The framework of the project is to support the development of an active morphing winglet demonstrator within the Airframe ITD. The current project will deliver elements necessary for the future industrialisation of the technologies involved in morphing movables. These elements concern (I)- a comprehensive material behaviour characterisation and prediction method, specific for the requirements coup",core,Le texte porte « airframe » — objet développé apparemment aéronautique.
80,821297,COMBUSS,0.60,Composite tooling for business jet lower wing stiffened panel manufacturing,"The aim of the COMBUSS project is to develop, design, manufacture and deliver to the Topic Manager facilities, all the prototype subcomponent manufacturing tooling needed to manufacture the stiffeners and panel of lower wing (including all auxiliary tools). COMBUSS project will design the tooling system which will incorporate self-heated capability with multiple heating zones and advanced thermal ",core,"Le texte porte « aeronautical », « aeronautic », « flight » — objet développé apparemment aéronautique."
81,714246,Ascent AM,0.70,Adding Simulation to the Corporate ENvironmenT for Additive Manufacturing,"The achievement of the Clean Sky 2 (CS 2) objectives, concerning the reduction of CO2 and fuel burn by up to 30 % as well as the reduction of NOX by up to 40 %, is strongly associated with the availability of innovative technologies and adapted structural design. Additive manufacturing (AM) is one of the key enablers and thus inalienable to reach these goals. First simple aero engine parts manufac",core,Fabrication additive au service des objectifs de réduction de CO2 et de NOx d'un programme aéronautique.
82,284881,SUNJET,0.31,SUstainable Network for Japan-Europe aerospace research and Technology cooperation,"SUNJET is a European Project within the Framework Programme 7 (Research / Aeronautics and Air Transport) aiming at establishing an initial framework, data base and network, in order to facilitate and enhance the cooperation in R&T activities between Japan and Europe. Through the participation of all the relevant Stakeholders, it will introduce a more structured dialogue to identify the similaritie",core,"Le texte porte « air transport », « aeronautic » — objet développé apparemment aéronautique."
83,314180,BOPACS,4.60,Boltless assembling Of Primary Aerospace Composite Structures,The main challenge of the BOPACS project is to reduce the weight and costs of primary aerospace structures by developing bolt free adhesive bonded joints that comply with the airworthiness requirements.Until today thin walled composite primary aerospace structures are joined by using a large number of fasteners. Bolt free joining would considerably contribute to the weight and cost reduction of ae,core,"Le texte porte « certification », « airworthiness », « easa » — objet développé apparemment aéronautique."
84,807087,TE2 GAM 2018,2.25,Technology Evaluator 2 - GAM 2018,"The Technology Evaluator (TE) is Clean Sky's platform for quantifying exactly how environmentally beneficial the innovations developed within its programmes really are - and, critically, how these efficiencies correlate to ACARE's ecological targets.",core,« Technology Evaluator » — quantification du bénéfice environnemental d'innovations aéronautiques.
85,641543,JIF2LAND,0.52,Jigs and Fixtures for Assembly of the Laminar Wing at the BLADE flight test demonstrator Final Assembly Line,"The objective of JIF2LAND proposal it to conduct the evelopment, design, manufacture and installation of jig platforms, staging and operational tooling for removing the BLADE wing (Natural Laminar Flow) sections of an A340-300, after the flight test and to assembly the original wings tips of the aircraft. The SFWA flight test demonstrator aims to validate that a specific wing profile can sustain l",core,"Le texte porte « flight test », « aircraft », « flight » — objet développé apparemment aéronautique."
86,999902,SAGE,157.43,JTI-Clean Sky 1-Sustainable And Green Engines-Integrated Technology Demonstrator,"The SAGE ITD started on June 1st, 2008 and launched by beginning of 2009 all related demonstrators in different engine segments: Two open rotor configurations, namely: SAGE1, Geared Open Rotor Demonstrator Led by Rolls-Royce plc with contributions from Rolls-Royce Deutschland, ITP, GKN Aerospace, Airbus and Leonardo Aircraft, and SAGE2, Contra-Rotating Open Rotor Demonstrator Led by Safran Aircraf",core,"Le texte porte « helicopter », « turbofan », « aircraft » — objet développé apparemment aéronautique."
87,255689,FRARS,0.04,Future Regional Aircraft Requirements Study,"A study to investigate and assess the requirements associated with future Regional Aircraft in terms of future 'green' and other operational 'scenarios' and constraints, as seen by the Regional Airlines. The aim of the study lies in the identification, analysis, assessment and trade-off of the identified requirements in order to define the most 'optimum' combinations of these, overall. The results",core,"Le texte porte « aircraft », « airline » — objet développé apparemment aéronautique."
88,296549,ISINTHER,0.20,Industrialization setup of Thermoplastics in situ consolidation process,"Thermoplastics (TP) are high molecular weight polymers which, unlike thermosetting (TS) resins, do not form a rigid three-dimensional cross-linked chemical structure after processing. This allows the TP to be readily re-melted and re-formed, not the TS. Additional advantages are: chemical/impact resistance, range of temperatures, low level of moisture uptake then low hot/wet conditions degradation",a_arbitrer,"Consolidation in situ de thermoplastiques, décrite sans objet aéronautique explicite."
89,341531,HYPMOCES,0.58,Hypersonic Morphing for a Cabin Escape System,Passenger safety is one of the main drivers for the development of future trans-atmospheric transportation systems. The high levels of energy associated hypersonic flights as well as the level of reliability of the enabling technology leads to the need of a passenger escape system in case of flight abort.The implementation of a cabin escape system for a hypersonic aircraft is challenged by the int,core,"Le texte porte « aircraft », « landing », « flight » — objet développé apparemment aéronautique."
90,807089,REG GAM 2018,50.22,Regional Aircraft,"An aircraft that can transport between approximately 100-130 passengers, and is intended for short and medium haul flights can be considered to be a Regional Aircraft. The challenge is to improve the passenger experience so that regional aircraft offer a comparable level of inflight comfort, free from noise and vibration, with a comfort level comparable or better than today’s modern jets and with ",core,"Le texte porte « aircraft », « airport », « flight » — objet développé apparemment aéronautique."
91,308968,ESTOLAS,0.58,A novel concept of an extremely short take off and landing all-surface (ESTOLAS) hybrid aircraft: from a light passenger aircraft to a very high payload cargo/passenger version,"The concept of the project is to develop and validate the conceptual design of a hybrid aircraft – a flying device combining the best qualities of an airship, a plane, a helicopter and a hovercraft. Such hybrid aircraft constitutes a completely novel type of an aircraft – extremely short take off and landing on any surface (ESTOLAS). ESTOLAS aircraft will have the following major advantages compar",core,"Le texte porte « air vehicle », « helicopter », « aviation » — objet développé apparemment aéronautique."
92,821270,GRACE,1.74,GaN mm-wave Radar Components Embedded,"The GRACE project aims at development of surface mount technology (SMT) components for mm-wave (mmW) frequencies, with particular focus on radar systems in the W-band. Low-cost high-performance radars are critical for future Enhanced Flight Vison System (EFVS) combining IR sensors and a mmW radar.  Key radar components are Power Amplifier (PAs) and Signal Sources (SSs), two functionalities that re",core,Le texte porte « flight » — objet développé apparemment aéronautique.
93,887174,DIAS,0.50,Development of Interdisciplinary Assessment for manufacturing and deSign,"DIAS develop and demonstrate the integrated multidisciplinary tools necessary to speed up implantation and design integration or Open Rotor structural components in next generation aircrafts. This require more flexible design studies, allowing a wider set of design variants to be explored simultaneously with accounting for manufacturing equipment and process applicability. DIAS bring in state of t",core,Le texte porte « aircraft » — objet développé apparemment aéronautique.
94,296613,INARAS,0.41,Automated Riblets Application on Aircraft Parts,"The Project INARAS (Intregal Automated Riblets Application System) is aimed to find out an automatic and cost effective way to paint riblets on an aircraft surface.The research and development to carry out in this Project will develop, integrate and test an Integral System to be used on real aircraft parts or mock-up to paint riblets. Riblets are a drag reduction technique that consists of small g",core,"Le texte porte « aeronautical », « maintenance », « aeronautic » — objet développé apparemment aéronautique."
95,298171,FIBIOSEAT,0.14,FIre resistant BIObased polyurethane foam for aircraft SEATing cushions,"Flexible polyurethane (PU) foams are widely used in many industrial applications including automotive and aeronautics as fillers for seats, headrests etc. They are made from a reaction of two primary ingredients: an isocyanate and a polyol. Originally, these raw materials were derived from petrochemical feedstocks. The use of bio-polyols, i.e. derived from vegetable oils, as an alternative to stan",core,"Le texte porte « aeronautic », « aircraft » — objet développé apparemment aéronautique. Contexte multisectoriel mentionné (automotive) — vérifier I13."
96,101114815,MultiModX,1.31,Integrated Passenger-Centric Planning of Multimodal Transport Networks,"The vision of MultiModX is that of a multimodal European transport system in which air and rail networks are planned and managed in a coordinated manner to maximise the efficiency, predictability, environmental sustainability and resilience of the door-to-door passenger journey. The goal of MultiModX is to develop a set of innovative multimodal solutions and decision support tools for the coordina",a_arbitrer,Planification multimodale air + rail : l'aérien n'est qu'un mode sur deux (I13 possible).
97,101140638,TROPHY,20.60,Technological Research On Propulsion by HYdrogen,"The TROPHY project, which stands for Technological Research On Propulsion by HYdrogen, aimed at supporting the Clean Aviation HYDEA funded project (HYdrogen DEmonstrator for Aviation), which proposes a technology maturation plan to develop an H2C (Hydrogen Combustion) propulsion system compatible with an Entry Into Service of a zero CO2 low-emission aircraft in 2035. TROPHY supported design activi",core,"Le texte porte « aviation », « aircraft » — objet développé apparemment aéronautique."
98,271858,DIMAG,0.05,Development and Implementation of Magnesium sheets in A/C,"The main objective of DIMAG project is to develop and produce magnesium Demonstrator for aircraft after answering all given aviation criteria and requirements. By achieving this objective, DIMAG will facilitate obtaining the Clean Sky objectives of reduction in weight, fuel consumption, emissions of CO2 and NOX and the use of fully recyclable material. Since magnesium 100% recyclable and is 35% li",core,"Le texte porte « aviation », « aircraft » — objet développé apparemment aéronautique."
99,101114805,AI4HyDrop,1.99,An AI-based Holistic Dynamic Framework for a safe Drone’s Operations in restricted and urban areas,"With an increasing number and diversity of potential drone operations, managing the airspace to accommodate these drones will become an increasingly sophisticated task, especially in densely populated urban areas encompassing restricted zones with dynamic environmental and operational influences. Due to the associated higher probability of conflicts, and ultimately collisions, such areas require m",core,"Le texte porte « air traffic », « flight », « drones » — objet développé apparemment aéronautique."
100,831751,HERON,0.93,Fully controlled RTM tooling and high deposition rate ALM technologies for cost-effective and sustainable manufacturing of hybrid laminar wing demonstrator,"The overall objective of HERON is to develop and manufacture a comprehensive set of innovative, cost-effective and sustainable tooling for RTM processes as well as the use of high deposition rate ALM technologies, aiming at improving the energy and resource efficiency of the manufacturing of a leading edge and trailing edge for integration on aeronautical demonstrator. To this end, four innovative",core,"Le texte porte « aeronautical », « aeronautic » — objet développé apparemment aéronautique."
101,101286802,ZEUS,2.00,Zero/low Emission Aircraft Integration into Future European Air Traffic System,"The goal of ZEUS is to develop an integrated framework for the modelling, management, and assessment of the impact of next generation zero/low emission aircraft on the future European ATM network. This goal can be translated into the following specific objectives:1. To define an operational framework and a set of representative use cases that guide the assessment of the impact of zero/low emission",core,"Le texte porte « air traffic », « aircraft », « flight » — objet développé apparemment aéronautique."
102,270599,BME CLEAN SKY 032,0.13,"Resin, Laminate and Industrial Nanoparticles Concept and Application. Industrialization","The aim of this proposal is to develop hybrid epoxy resin composites, where both the matrix and the carbon fibre reinforcement contains nanoparticles, in order to improve the mechanical, electrical and thermal properties of the carbon fibre reinforced aeronautical structures.The dispersion of the selected nanoparticles in epoxy resin matrix will be carried out by a three step masterbatch technique",core,"Le texte porte « aeronautical », « aeronautic » — objet développé apparemment aéronautique."
103,323402,AiMeRe,0.17,Aircraft Metal Recycling,"Since only a limited amount of A/C alloys can be reemployed into the initial quality, the recycling industry shall be able to identify parts containing high grade alloys to ensure its profitability . Therefore, the AiMeRe project proposes to set up a methodology for high grade alloys processing of ageing A/C. The valorisation of valuable parts requires advanced procedures to identify and different",core,"Le texte porte « aviation », « aircraft », « airport » — objet développé apparemment aéronautique."
104,755606,FINCAP,1.00,Fuel INjector Coking and Autoxidation Prediction,The aim of this project is to develop a robust theoretical framework to allow the modelling of the build-up of surface carbonaceous deposits in jet fuel injection systems so that fuel injectors for advanced engines such as the VHBR may be designed with an acceptable maintenance frequency and their life span predicted. Given the high heat sink requirement on aviation fuel in geared turbofan archite,core,"Le texte porte « maintenance », « turbofan », « aviation » — objet développé apparemment aéronautique."
105,278144,SUPERBLEND,0.15,Development of Thermoplastic Polymer blend with Low Melting Point and with Similar Properties than PEEK,"Since thermoplastic matrices can be replacing thermoset matrices in aircraft structural applications, the next step is to get eco-friendly thermoplastic materials able to be manufactured with less energy than PEEK.It is therefore necessary to develop an innovative compound with similar mechanical and physic-chemical properties than PEEK but with lower melting point in order to reduce the energy fo",core,"Le texte porte « aeronautic », « aircraft » — objet développé apparemment aéronautique."
106,101288834,ARTEMISA,27.50,"Advancing platforms for en-Route and TMA to support incrEased autoMation, Interoperability and SustAinability","The Advancing platforms for en-Route and TMA to support incrEased autoMation, Interoperability and SustAinability (ARTEMISA) project plays a central role in the realisation of the Digital European Sky vision in SESAR Phase C and Phase D, delivering the next generation of En-route and TMA platform. The proposed project aims to advance the platform toward Automation Level 4, where automation takes d",core,Le texte porte « sesar » — objet développé apparemment aéronautique.
107,686374,NEODAMP,0.35,New Enhanced Acoustic Damping Composite Materials,"NEODAMP is marked in the ITD Airframe part B, oriented to highly integrated innovative structural components, for the Large Passenger Aircraft. NEODAMP will develop new prepreg composite materials for structural purposes in the aircraft, able to support structural loads and other additional functions. The project is focused on acoustic damping and complemented with electrical conductivity studies ",core,"Le texte porte « aircraft », « fuselage », « airframe » — objet développé apparemment aéronautique."
108,686783,MALET,0.50,Development of MODELICA Libraries for ECS and Thermal management architectures,"The goal of this project is the development of Modelica libraries (Dymola compatible) to simulate Electrical Environmental Control System (E-ECS) architectures including thermal management perimeter. The efforts will be focused on developing an optimized model to simulate vapour cycle systems (VCS) and liquid loop systems at both steady state and transient operational conditions. In addition, an a",core,Bibliothèques de simulation pour systèmes de conditionnement d'air embarqués.
109,807088,SAT GAM 2018,0.73,Small Air Transport (SAT) - GAM 2018,"Small Air Transport (SAT) deals with small general aviation and commuter/feeder aircraft and their technology needs: ‘fixed wing’ aircraft with between 4 and 19 seats. To meet the Flightpath 2050 target whereby """"90% of travelers within Europe are able to complete their journey, door-to-door within 4 hours"""", SAT aircraft ails at filling a gap that many other travel paradigms struggle to fill.""""",core,"Le texte porte « air transport », « aviation », « aircraft » — objet développé apparemment aéronautique."
110,233672,ICOA.10.09,0.06,"International Conference on Airports, October 2009 Paris","Concept: The Air and Space Academy (AAE) proposes to organise a 2-day international conference on “Airports and their Challenges”, in DGAC Paris (7-8 October 2009).  Background: Europe needs to develop new transport networks and infrastructures in order to support its industry and promote economic growth. Air transport has increased faster than any other mode of transport in the past 20 years, but",core,"Le texte porte « air transport », « airport » — objet développé apparemment aéronautique."
111,308183,SANDIT,0.47,Design and manufacture of a flight worthy intake system (scoop/NACA divergent intake) SCOOP AND NACA DIVERGENT INTAKE TRIAL (SANDIT),"This proposal supports the supply of an innovative scoop and NACA divergent intake, qualified to a sufficientlevel to support flight trial activities.With a successful pedigree in intake design, coupled with a wealth of experience in complex structures andhaving gained a detailed understanding of scoop intake design from successful delivery of the original JTI funded scoop program, GKN and its par",core,"Le texte porte « aircraft », « nacelle », « flight » — objet développé apparemment aéronautique."
112,271875,AERTECVTI,0.56,Test bench for endurance test and reliability prediction of avionics power electronic modules,The goal of the project is design and manufacture a specific test bench dedicated to give more confidence of the design in term of reliability at components level and help the user to expertise and to validate the minimum life expectation of future aircraft power electronics converters.Endurance Tests and Reliability Prediction of avionics is a critical part of the development of on-board electron,core,"Le texte porte « aircraft », « avionic », « flight » — objet développé apparemment aéronautique."
113,821418,ESTiMatE,1.80,Emissions SooT ModEl,"The main objective of ESTiMatE is to develop a modelling strategy using CFD simulations for the prediction of soot in terms of chemical evolution and particle formation in conditions relevant to aero engine operation. The model developments are based on the use of detailed chemical kinetics for kerosene surrogates, and advanced combustion and spray models validated with reference experiments. ESTi",core,"Le texte porte « aeronautical », « aeronautic » — objet développé apparemment aéronautique."
114,641559,COMPOSLEEVE,0.19,Development of a composite sleeve for spatial separation of rotor and stator in an electric motor,"The Project COMPOSLEEVE is aimed to find out a way to produce a stator sleeve for stator/rotor separation in electrical motor, which need to be cooled with aggressive fluids such as Skydrol, with high internal pressure and a temperature range that goes above 200ºC. For this application possible materials are composites with high Tg resins, such as BMI or Cyanate ester, reinforced with non conducti",a_arbitrer,"Manchon composite de séparation rotor/stator de moteur électrique, sans mention d'application aéronautique."
115,101101955,SMR ACAP,45.05,SMR aircraft architecture and technology integration project,"The SMR Aircraft Architecture and Technology Project (SMR ACAP) shall be the central place to assess and integrate all technologies at aircraft level, from across the projects in the SMR pillar. Establishing the link to projects with relevant technologies in the other Clean Aviation """"Pillars"""" and transverse projects associated with novel certification methods is part of the work plan of the proj",core,"Le texte porte « certification », « aviation », « aircraft » — objet développé apparemment aéronautique."
116,680954,PropMat,2.74,Support to Future CROR and UHBR Propulsion System Maturation,"In the framework of the Large Passenger Aircraft ITD of Clean Sky 2, the industrial partners Airbus & Safran pushed the CROR low fuel burn propulsion concepts to TRL6, towards a flight test demonstration program. The activities proposed in this document will make a valuable contribution to this program. In addition PropMat provides valuable support to the implementation of the Airbus roadmaps for ",core,"Le texte porte « flight test », « aircraft », « flight » — objet développé apparemment aéronautique."
117,255797,VELOCIRAPTOR,0.11,Development of Synthetic Jet Actuator Hardware for the Green Regional Aircraft Low Noise Configuration,"Call JTI-CS-2009-1-GRA-02-003 requires an effective, efficient and reliable Synthetic Jet Actuator (SJA) system to be supplied as a complete plug-and play unit for wind tunnel testing. Based on recent experience gained in the EU FP6 AVERT programme in which this capability was demonstrated, the University of Manchester (UoM) proposes to develop such a system in conjunction with the manufacturing a",core,Le texte porte « aircraft » — objet développé apparemment aéronautique.
118,999903,SFWA,147.84,JTI-Clean Sky 1-Smart Fixed Wing Aircraft-Integrated Technology Demonstrator,"SFWA - Smart Fixed Wing Aircraft: SFWA is developing two major large transport aircraft technologies the first mainly related to the drag reduction by using laminar flow and known as 'smart wing', and the second related to the integration of advanced (ultra-) high bypass propulsion concepts such as Open Rotor. The objective is to achieve maturity levels in both technologies to a status close to a ",core,"Le texte porte « aircraft », « flight » — objet développé apparemment aéronautique."
119,101007567,CICLOP,0.85,Characterization of the Interaction between wing and CLosely Operating Propeller,"Scheduled commercial transport volume is continuously growing, representing the global megatrend """"Mobility"""". The subsequently higher number of aircrafts requires new and low energy concepts to achieve the European goals for sustainable aviation. Distributed (Electric) Propulsion (DP/DEP) is such new technology which opens up the design space and promises significant increase in overall aircraft ",core,"Le texte porte « aviation », « aircraft » — objet développé apparemment aéronautique."
120,255783,ADOCHA,0.15,Acoustic Design Of High-lift Architectures,"Regulation of the sound production of aircraft is becoming stricter, in part due to an increase in the noise generated due to the rising numbers and size of aircraft. As a result identification and reduction of the major sources of sound, particularly in the take-off and landing phases when the aircraft is close to population centres, is paramount. High lift devices, particularly during the landin",core,"Le texte porte « aircraft », « airframe », « landing » — objet développé apparemment aéronautique."
121,737992,TAMI,0.27,Tests for leakage identification on Aircraft fluid Mechanical Installations,"The project aims to develop innovative methods to make on-ground leak testing more efficient, ecological and faster in aeronautical industry environments, reducing costs, time to market and toxic wastes due to standardization on test procedures and testing using non-polluting means.  The project will draw on TQC's in-depth knowledge of leak testing techniques, our wide experience of fluid mechanic",core,"Le texte porte « aeronautical », « aeronautic », « aircraft » — objet développé apparemment aéronautique. Contexte multisectoriel mentionné (automotive) — vérifier I13."
122,323336,LIGHTBOX,0.19,LIGHTWEIGHT COMPOSITE BUS SYSTEM HOUSING FOR EXTREME ENVIRONMENTS,"Conventional racks for avionics are made from metal. Most of the avionics fielded today offer a monolithic architecture in form closed box packed with electronics and lots of connectors at the front or the back with corresponding heavy cable harness. More recent developments go for modular avionics, packing electronics with standard dimensions and connectors that assure physical interchangeability",core,"Le texte porte « aircraft », « avionic » — objet développé apparemment aéronautique."
123,101114776,ImAFUSA,0.88,Impact and capacity Assessment Framework for U-space Societal Acceptance,"ImAFUSA focuses on quantifying a variety of understudied factors influencing societal acceptance of UAM in urban, peri-urban and inter-urban areas, especially when these are deployed using U3 and U4 services. We aim to deliver an “Impact and capacity Assessment Framework for U-space Societal Acceptance” (ImAFUSA) to assist Local Authorities and other U-space stakeholders and users with the deliver",core,"Le texte porte « aviation », « drone » — objet développé apparemment aéronautique."
124,213414,FUTURE,7.00,Flutter-Free Turbomachinery Blades,"FUTURE brings together European and international well reputed centres-of-excellence in order to reach major scientific & technical objectives in striving towards flutter-free turbomachine blades. By advancing the state-of-the-art in flutter prediction capabilities and design rules, the FUTURE project will lead to benefits in terms of decreased development cost, reduced weight and fuel consumption",core,Aubes de turbomachine et flottement — un organe de moteur aéronautique.
125,821466,HIPNOSIS,0.85,Hardware Implementation of Pilot-Non-intrusive cOgnitive States Identification System,"With ever increasing air traffic and the fierce competition between airlines, cost reduction is exerting more and more pressure on airlines, inevitably transferred to pilots whose profession becomes increasingly demanding. The adoption of new ground technologies has the potential to increase safety while decreasing operating costs. Platform 3 of LPA IADP aims to develop disruptive flight-qualified",core,"Le texte porte « certification », « aeronautical », « air traffic » — objet développé apparemment aéronautique. Contexte multisectoriel mentionné (automotive) — vérifier I13."
126,101255537,OSYRYS,40.00,On-board SYstems Relevant for hYbridization of Regional aircraftS,"The achievement of the ACARE emission reduction targets, in combination with the projected growth in new aircraft deliveries, requires the aviation industry to do a further step, by drastically shifting towards electric/hybrid-electric propulsion also for larger aircraft, thus resulting into high electrical power distribution levels. The latter introduce new challenges in terms of electrical power",core,"Le texte porte « aeronautic », « aviation », « aircraft » — objet développé apparemment aéronautique."
127,314544,RECONFIGURE,3.97,REconfiguration of CONtrol in Flight for Integral Global Upset REcovery,Commercial aircraft fault tolerant control (FTC) strategies in the flight control system (FCS) are based on fail-safe approaches whereby a nominal control law is switched first to a robust solution and then if necessary to a direct law controlling the actuators surfaces. Each component of the control law set is designed off-line and has a different level of robustness and performance. The reasons ,core,"Le texte porte « aircraft », « flight » — objet développé apparemment aéronautique."
128,820516,FIVER,0.85,"Innovative solution for FMS computed trajectories validation by means of pilot actions emulation, comparison with PANS-OPS criteria and data mining techniques.","This proposal combines the skills of CGX AERO in procedure design, cartography and aeronautical software development with the expertise of SCALIAN EUROGICIEL in big data and data mining techniques to set up an innovative platform for a new philosophy of FMS trajectories validation.The consortium proposes to address first a larger scale of trajectories testing by gathering reference trajectories, d",core,"Le texte porte « aeronautical », « aeronautic », « flight » — objet développé apparemment aéronautique."
129,892002,SINAPSE,0.85,"Software defined networking architecture augmented with Artificial Intelligence to improve aeronautical communications performance, security and efficiency","The SINAPSE project aims at proposing an intelligent and secured aeronautical datalink communications network architecture design based on the Software Defined Networking (SDN) architecture model augmented with Artificial Intelligence (AI) to predict and prevent safety services outages, to optimize available network resources and to implement cybersecurity functions protecting the network against ",core,"Le texte porte « aeronautical », « aeronautic » — objet développé apparemment aéronautique."
130,255730,ASE-TB,0.18,"Design and development of an Adaptive, Smart and Eco-efficient Test Bench for synchronized testing of linear actuators in the aeronautic sector","The ASE-TB project will design, manufacture and tune an innovative and smart Test Bench for linear actuators that will be capable of conducting synchronized tests on two linear actuators of the same type while applying different loads on them. The test bench will also include a thermal chamber for conducting tests at regulated temperatures with one of the actuators. This actuator test bench will b",core,Le texte porte « aeronautic » — objet développé apparemment aéronautique.
131,101101946,fLHYing tank,3.00,flight demonstration of a Liquid HYdrogen load-bearing tank in an unmanned cargo platform,"The fLHYing tank project aims to flight-test a 1,000-liter flight-load-bearing vacuum-insulated composite LH2 tank in the Pipistrel Nuuva V300 cargo UAV. This project proposal is disruptive in several perspectives: (i) definition of requirements, design, manufacturing and qualification of a relevant-scale flight-load-bearing fully composite liquid hydrogen tank, (ii) accelerated acquisition of kno",core,"Le texte porte « certification », « aeronautical », « flight test » — objet développé apparemment aéronautique."
132,101007871,HELACS,1.80,Holistic processes for the cost-effective and sustainable management of End of Life of Aircraft Composite Structures,"HELACS will be based on i) previous results of end of life aircraft management projects (such as PAMELA or AIMERE), ii) the review of recommendations and standards for aircraft disassembly and aircraft materials recycling (such as the developed for the Aircraft Fleet Recycling Association - AFRA) and iii) the experience and support of the biggest Maintenance, Repair and Overhaul (MRO) entity in Eu",core,"Le texte porte « maintenance », « aeronautic », « aircraft » — objet développé apparemment aéronautique."
133,314335,JEDI ACE,1.33,Japanese-European De-Icing Aircraft Collaborative Exploration,"JEDI ACE aims to provide an innovative concept of an integrated ice protection system: an inte-grated approach, consisting of combined passive anti-icing coating, active de-icing devices and ice sensors. The system will be applicable to aircraft wings and will support an important technological milestone: the composite wing concept, which today includes also morphing properties.The JEDI ACE consor",core,"Le texte porte « aircraft », « flight » — objet développé apparemment aéronautique."
134,755515,ALMAGIC,1.00,Aluminium and Magnesium Alloys Green Innovative Coatings,"The aeronautic industry is constantly striving to reduce the aircraft operating costs, increase their payload and reduce the environmental impact during the whole life of the product. Metallurgy has played a key role in the development of aviation. With the use of light alloys, as aluminium and magnesium, new applications have been found to apply these to fastly improve existing designs.The disadv",core,"Le texte porte « aeronautic », « aviation », « aircraft » — objet développé apparemment aéronautique."
135,620068,MANOEUVRES,1.12,Manoeuvring Noise Evaluation Using Validated Rotor State Estimation Systems,"The MANOEUVRES project aims at the demonstration of the feasibility of an innovative approach to noise abatement in rotorcraft terminal manoeuvres based on in-flight measurement of the rotor state. In particular, a novel sensor system for rotor tip-path-plane angle of attack will be designed, developed and tested together with the necessary signal conditioning, in order to assess its capabilities ",core,"Le texte porte « aeronautical », « aeronautic », « helicopter » — objet développé apparemment aéronautique."
136,234092,AEROAFRICA-EU,0.36,Promoting European - South African Research Cooperation in Aeronautics and Air Transport,"The intention of this proposal is to create a platform for enhancing aeronautics and air transport research and development (R&D) cooperation between the EU and SA, and to explore the potential for and, where appropriate, to promote the participation of other African countries in such cooperation.  The overall objectives for AEROAFRICA are: • To explore the potential for enhancing cooperation thro",core,"Le texte porte « air transport », « aeronautic » — objet développé apparemment aéronautique."
137,605512,AERODAYSUK2015,0.60,Aerodays 2015 - Aviation for Growth and Sustainability,"The project covers the provision of the Aerodays event in 2015, which the participants propose shall take place in London, UK. Aerodays2015 will be a four-day event attracting some 800 visitors from across the European, and beyond, aviation and aeronautics sector . It will comprise of technical reviews via conferences and poster sessions, high-level policy briefings and debate, and a technological",core,"Le texte porte « aeronautical », « aeronautic », « aviation » — objet développé apparemment aéronautique."
138,101017626,PJ38-W3-ADSCENSIO,6.76,ADS-C ENables and Supports Improved ATM Operations,"The proposal is part of the general principle of Trajectory Based Operations, aiming at improving various features of Air Traffic Control thanks to a better anticipation of how flights would behave.During the execution of a flight, major elements to feed an accurate and reliable trajectory prediction -or alternate scenarios- can be provided by the aircraft itself. These elements can be: wind condi",core,"Le texte porte « air navigation », « air traffic », « aviation » — objet développé apparemment aéronautique."
139,641336,FUSES 2014,0.53,CURRENT LIMITING DEVICE TO ADDRESS DC AERONAUTICS POWER DISTRIBUTION SYSTEMS,"Electrical Power Distribution Systems (EPDS) employed among others in Aeronautics are usually protected by active electronic driven switching components. In order to reduce response time and simplify protection driving, fuses are being considered as one of the prerequisite for the CleanSky HVDC network.The development of a new generation of hybrid and/or full static current limiter solutions, able",core,"Le texte porte « aeronautic », « aircraft » — objet développé apparemment aéronautique."
140,945548,GAM-2020-REG,32.44,REGIONAL AIRCRAFT 2020-2023,"An aircraft that can transport between approximately 30 and 100 passengers, and is intended for short and medium haul flights can be considered to be a Regional Aircraft. The challenge is to improve the passenger experience so that regional aircraft offer a comparable level of inflight comfort, free from noise and vibration, with a comfort level comparable or better than today’s modern jets and wi",core,"Le texte porte « aircraft », « airport », « flight » — objet développé apparemment aéronautique."
141,886513,INSAT,0.73,INNOVATIVE SYSTEM FOR AIRCRAFT FUNCTIONAL TESTING,"The objective of the proposal is the design and development of an innovative system for the functional testing of aircraft.  The key development and innovation points are:  Autonomous working mode, potentially in the absence of the operator, along with the autonomous management of the failures (smart assistance for error management); should a failure be detected, the system will propose the possib",core,Le texte porte « aircraft » — objet développé apparemment aéronautique.
142,101017702,AMU-LED,4.00,Air Mobility Urban - Large Experimental Demonstrations,"The revolution of Urban Air Mobility encompasses new concepts of operations, business cases, applicable regulations, and stakeholders and end users. This new business sector needs to be secured, invented, refined, structured and industrialized while staying sustainable and interoperable within the U-space framework.U-space and Urban Air Mobility (UAM) are topics where a fast increase in research, ",core,"Le texte porte « air navigation », « airworthiness », « air traffic » — objet développé apparemment aéronautique."
143,619992,AIR,0.31,Active and Isolated Rectifier unit for more electric aircraft: Design and Manufacturing of a 10KW AC-DC Converter Unit (AIR),"New challenges for the Active and Isolated Rectifier Units (High performance TRUs) to support the MEA concept are demanding deep changes compared with the conventional TRUs. INDRA and CEI-UPM, the consortium that is presenting this proposal, has a wide experience in the area of high performance TRUs for the new aircraft requirementsThe basic architecture that allows for these high performance TRUs",core,Le texte porte « aircraft » — objet développé apparemment aéronautique.
144,863418,ATTILA,5.25,Advanced Testbed for TILtrotor Aeroelastics,"The ATTILA project is aimed at the design, manufacture and testing of an advanced testbed for aeroelastic wind tunnel testing of tiltrotor aircraft. The testbed will consist of a suitably instrumented aeroelastically scaled cantilevered half-wing with powered nacelle-proprotor system representative of the full-scale NGCTR-TD design. Advanced fiber optic sensor and contactless rotating power and da",core,"Le texte porte « flight test », « tiltrotor », « aircraft » — objet développé apparemment aéronautique."
145,265416,OPTI,0.36,Observatory Platform Technological and Institutional,"The monitoring of the implementation of the Strategic Research Agenda developed by the Advisory Council of Aeronautics Research in Europe to reach the 2020 goals is paramount to evaluate the progress, identify gaps, and inform the Air Transport Community of the state of progress.In this context, technical goals and institutional enablers were identified as key areas to address to be able to reach ",core,"Le texte porte « air transport », « aeronautic » — objet développé apparemment aéronautique."
146,620094,LIGHTWELD,0.14,Development of welding technologies for light alloys aircraft structures,"Riveting has been the state of the art of joining technology for aircraft structures since decades. The necessary overlap joint demands a large amount of material which restricts weight savings. Furthermore, the riveting process is quite intensive in process time. The LIGHTWELD project aims at developing and adapting LBW and RSW for newly developed more weldable light alloys with the objective of:",core,Le texte porte « aircraft » — objet développé apparemment aéronautique.
147,101101970,ECARE,0.72,European Clean Aviation Regional Ecosystems,"To reach Europe climate neutrality by 2050 as ambitioned by the Green Deal strategy, it is necessary to drastically reduce emissions from aviation. Clean Aviation Joint Undertaking has set out a very ambitious innovation programme to achieve this goal but it is also necessary to create synergy with the different aeronautical regional/national funding programmes in order to create leverage effects ",core,"Le texte porte « aeronautical », « aeronautic », « aviation » — objet développé apparemment aéronautique."
148,296515,OREAT II,0.94,Open Rotor Engines Advanced Technologies II,"A principal contributor to affordable and sustainable public air transportation will be the introduction of more fuel-efficient propulsion systems, one of which is the Open Rotor Engine concept.  Unlike turbofans, open rotors must vary blade pitch to accommodate power and aircraft speed range, so a key element to the viability of the concept is the actuation and control of the blade pitch via the ",core,"Le texte porte « air transport », « turbofan », « aviation » — objet développé apparemment aéronautique."
149,233816,FAST20XX,5.12,Future High-Altitude High-Speed Transport 20XX,"The current project aims at the investigation and development of technologies and steps necessary for approaches to conquer the grey zone between aeronautics and space in Europe, and thus to set the foundation of a new paradigm for transportation in the long term. The underlying concepts considered are a) a European space plane based on an airplane launch approach to advance European know how in t",core,"Le texte porte « aeronautic », « flight » — objet développé apparemment aéronautique."
150,296489,RIFPA,0.26,Grooved paint surface manufacturing for aerodynamic drag reduction testing,"Experiences had been conducted in the 90's showing that longitudinal grooves actually reduce the aerodynamic drag. However, plastic stickers used in that period suffered inconvenient.In this programme, it is proposed to realize various shapes of grooved surfaces thanks to a new casting method, developed by the applicant.The project aims at providing ONERA with models covered with grooved paint of ",core,"Le texte porte « aeronautical », « aeronautic », « aircraft » — objet développé apparemment aéronautique."
151,821344,CROSSONT,0.50,CROwned Spline Surface Optimization using New Treatments,The main goal of the project CROSSONT is to provide surface treatment methods for crowned splines which are able to fulfil the requirement of reducing the risk of wear and minimizing the friction in the spline connections between shaft and gear. It is the consortium's firm conviction that outstanding surface properties for crowned splines in UHBR applications can be generated with a combination of,core,Le texte porte « maintenance » — objet développé apparemment aéronautique.
152,233543,SUPRA,3.71,Simulation of Upset Recovery in Aviation,The aim of this research project is to investigate the usefulness of advanced flight simulator concepts for teaching pilots to detect and recover from flight upsets. The term “flight upset” indicates a situation when an aircraft in flight unintentionally exceeds the parameters normally experienced in line operations or training. Loss of control due to unsuccessful upset recovery is considered an i,core,"Le texte porte « flight test », « aviation », « aircraft » — objet développé apparemment aéronautique."
153,278365,HiTME,0.90,High Temperature Electronics,"The migration of electronic control units from the engine fan-case to the core would be considered a huge benefit for the engine designer, reducing interconnection complexity and system weight, simplifying assembly and maintenance and providing key nacelle aerodynamic and bypass flow improvements.However, today’s engine control electronics, typically mounted on the engine fan-case, operates to a m",core,"Le texte porte « maintenance », « nacelle » — objet développé apparemment aéronautique."
154,734160,PJ15 COSER,5.04,Common Services,"The legacy of  Air Traffic Management (ATM)  evolution in Europe has resulted in today’s highly fragmented, country-based, services. A consequence of this fragmentation, there is a negative impact on the cost in the provision of ATM service in Europe.  A fundamental goal of the Single European Sky initiative is to “provide ATM services to airspace users at a cost of at least 50 % less”. The notion",core,"Le texte porte « air navigation », « air transport », « air traffic » — objet développé apparemment aéronautique."
155,864911,NIFTI,2.25,Non-Intrusive Flow distortion measurements within a Turbofan Intake,"Short and slim aero-engine intake designs for very high bypass ratio configurations cause notable levels of unsteady distortions at the fan face especially under cross-wind or angle of attack operation during aircraft take-off. Such distortions can adversely affect the engine’s performance, operability, structural integrity and safety margin with potentially catastrophic consequences for the entir",core,"Le texte porte « certification », « turbofan », « aircraft » — objet développé apparemment aéronautique."
156,101288398,REDUCT,1.00,Reducing Uncertainties in Contrail Impact and Climate-optimized Traffic Flow Modelling in Aviation,"REDUCT seeks to advance Europe’s environmental assessment tools for understanding and mitigating the climate impact of aviation, with a special focus on contrail formation and its integration into Air Traffic Management (ATM) systems. The project directly addresses SESAR’s exploratory research priority FR-1, which seeks a deeper understanding of the ATM system’s impact on climate change. The ultim",core,"Le texte porte « air traffic », « aviation », « aircraft » — objet développé apparemment aéronautique."
157,255907,MAS_LAB,0.25,Multipurpose Aircraft Simulation Laboratory,"The tendency of the past to build and test in aeronautics has clearly been overridden by a very extensive simulation activity for many reasons, one of these being the risk associated to safety-critical or safety-related systems. Simulation in hence strategic to develop and test all the key aircraft elements, such as flight control systems, and is now being used effectively also beyond the design p",core,"Le texte porte « aeronautic », « aircraft », « avionic » — objet développé apparemment aéronautique."
158,101017643,Uspace4UAM,4.00,U-space for UAM,"Aiming to bridge the gap between development and deployment, this VLD project will tackle issues of operational concepts, regulation, and standards, while building confidence in a safe and orderly integration of UAM in every days air traffic. It will do this with a consortium of forward-looking cities and ANSPs, national regulators and EASA, a well experienced UTM provider, as well as eVTOL manufa",core,"Le texte porte « air traffic », « drones », « drone » — objet développé apparemment aéronautique."
159,999906,ED,38.39,JTI-Clean Sky 1-Eco Design-Integrated Technology Demonstrator,ECO - Eco Design: Eco-Design ITD is organized in the two major areas of EDA (Eco-Design for Airframe) and EDS [Eco-Design for Systems (small aircraft)]. The EDA part of the Eco-Design ITD is meant to tackle the environmental issues by focusing on the following challenges: 1. To identify and maturate environmentally sound ('green') materials and processes for a/c production. 2. To identify and matu,core,"Le texte porte « maintenance », « aircraft », « airframe » — objet développé apparemment aéronautique."
160,821467,RATIOS,0.55,Regional Aircraft breakThrough InteriOr Solution,"Notwithstanding the increased mobility of European citizens across Europe, with regional flights becoming a frequent means of transportation for reasons of work, family or leisure, flight experience still suffers from several shortcomings, especially in terms of time efficiency (with boarding bottlenecks and dis-embarkment problems) and lack of comfort on board (reduced space and connectivity for ",core,"Le texte porte « aircraft », « airline », « flight » — objet développé apparemment aéronautique."
161,755596,ADVENT,2.00,Advanced ventilation techniques for modern long-range passenger aircraft to promote future energy management systems,"Alternative or novel ventilation concepts with enhanced heat removal efficiency and local ventilation efficiency allow reconsidering the fresh air fraction of modern passenger aircraft cabins and thus help to save bleed air and energy in the future. In order to identify and verify corresponding concepts, parametric studies will be conducted in a long range aircraft cabin mock-up by numerical simul",core,Le texte porte « aircraft » — objet développé apparemment aéronautique.
162,945500,GAM-2020-SAT,2.31,Small Air Transport (SAT) - GAM 2020,"Currently, there is a big need for connecting small airports in remote areas. However, today no affordable solution is available due to the high cost per seat of current available small aircraft.Thus, a reduction of operating cost of small aircraft (up to 19 seats) is needed to open this promising market, contributing to improve mobility in Europe, connecting small cities and helping to reduce fli",core,"Le texte porte « air transport », « certification », « aviation » — objet développé apparemment aéronautique."
163,699299,DART,0.60,Data-driven AiRcraft Trajectory prediction research,DART (Data-driven AiRcraft Trajectory prediction research) addresses the topic “ER-02-2015 - Data Science in ATM” exploring the applicability of data science and complexity science techniques to the ATM domain. DART will deliver understanding on the suitability of applying big data techniques for predicting multiple correlated aircraft trajectories based on data driven models and accounting for AT,core,Le texte porte « aircraft » — objet développé apparemment aéronautique.
164,807097,LPA GAM 2018,184.97,Large Passenger Aircraft,"The challenge for Clean Sky 2's Large Passenger Aircraft Programme is to further mature and validate key technologies such as advanced wings and empennages design, making use of hybrid laminar airflow wing developments, as well as an all-new next generation fuselage cabin and cockpit-navigation.",core,"Le texte porte « aircraft », « fuselage », « cockpit » — objet développé apparemment aéronautique."
165,999901,GRA,69.13,JTI-Clean Sky 1-Green Regional Aircraft-Integrated Technology Demonstrator,"GRA - Green Regional Aircraft: Future green regional aircraft will have to meet demanding weight reduction, energy and aerodynamics efficiency, a high level of operative performance, in order to be compliant regards to pollutant emissions and noise generation levels. Objective of the Green Regional Aircraft ITD is to mature, validate and demonstrate the technologies best fitting the environmental ",core,Le texte porte « aircraft » — objet développé apparemment aéronautique.
166,865217,HLFC 4.0,0.71,Hybrid Laminar Fluid Control 4.0,The use of HLFC (Hybrid Laminar Flow Control) systems is a important advantage that will improve the aerodynamic efficiency of flights significantly. Either using passive or active solutions many challenges have been tackled and demonstrators have been developed in the past.To be able to assembly the HLFC systems to the leading edge of the wing complex tools should be developed in order to obtain ,core,"Le texte porte « aeronautic », « flight » — objet développé apparemment aéronautique."
167,101007948,NEMARCO,0.75,NEW MANUFACTURING ROUTES (FOR NiCrSiFeB ALLOYS) TO REPLACE COBALT IN AIRCRAFT COMPONENTS,The main objective of NEMARCO is to select the adequate chemical composition(s) and manufacturing process parameters for obtaining sealing rings of nickel self-fluxing alloys that can offer the required performance against high-temperature (HT) wear and overcome the health potential issue regarding wear particles Cobalt alloys (current solution) in cabin air. Two manufacturing routes: Horizontal C,core,"Le texte porte « aeronautic », « aircraft » — objet développé apparemment aéronautique."
168,101287781,RAXUS,5.00,Risk-based Authorisation and eXecution in U-space airSpaces,"RAXUS delivers digital solutions to streamline UAS operations in and outside U-space by automating flight authorizations and integrating risk assessment frameworks aligned with SORA and ARA standards. It enables a near-automated workflow from initial intent declaration to U-plan submission, supported by comprehensive, quantifiable risk assessments using live data on connectivity, population densit",core,"Le texte porte « flight », « easa » — objet développé apparemment aéronautique."
169,267487,3DFSE,0.06,3D Design of Flap Side Edge Flow Control,Flaps are part of the high lift system deployed during take-off and landing phases of aircraft operation. Previous work has identified a flap side-edge as an important source of airframe noise. The objective of this work is to perform a numerical study aimed at the design and optimization of a suitable flow control technique to reduce the flap side-edge noise. The flow control method can be either,core,"Le texte porte « aircraft », « airframe », « landing » — objet développé apparemment aéronautique."
170,716935,CRO-INSPECT,0.35,Collaborative RObotic Solution for Advanced Inspection of Complex Composite parts,"Highly integrated composite parts have begun to enter the market. Their inherent complex structure makes more difficult inspection activities being crucial the development of more flexible, more reliable and faster NDT solutions.  Regarding NDT methods, Ultrasonic testing (UT) techniques are suitable for the inspection of large and hidden areas and recently developed ones, like guided waves, have ",core,Le texte porte « aircraft » — objet développé apparemment aéronautique.
171,763719,CLASS,0.91,CLear Air Situation for uaS:  Maturing ground based technologies for a real-time Unmanned Aerial System Traffic Management System (UTMS) to monitor and separate Unmanned Aerial System (UAS) traffic,"CLASS will bring the main technologies required for surveillance of Unmanned Aerial Systems (UAS) Traffic at a better level of maturity, allowing developing a pre-operational prototype of a UAS Traffic Management System (UTMS).CLASS will compose existing technologies to build the core functions of a UTMS: • real-time tracking (cooperative and non-cooperative) and display, • aggregation of relevant",core,"Le texte porte « unmanned aerial », « aeronautical », « aeronautic » — objet développé apparemment aéronautique."
172,687015,ERaCLE,1.03,invEstigation of pushing pRopeller engine Configurations trough wind tunneL Experiments,"ERaCLE will tackle the further developmet and eventual validation of a fast tool for the preliminary design of propeller based engine configurations from an acoustic point of view.This objective will be achieved throughout a WT test campaign to measure the near-field and far-field acoustic propagation of a pushing and wing mounted propeller-based propulsion, parameterized w.r.t. propeller design f",core,Configurations de moteur à hélice propulsive validées en soufflerie.
173,101251523,LIME,5.00,Lithium based Innovation for Modular Energy,"LIME project, led by Ascendance (France), expert in hybrid electric propulsion technologies for aviation and aircraft integration), unites EXOES (France), an expert in thermal integration and battery packaging mainly for non-aeronautics sectors, RWTH Aachen University (Germany), a research organization renowned for battery engineering expertise, BASQUEVOLT (Spain) a pioneer in solid state battery ",core,"Le texte porte « aeronautic », « aviation », « aircraft » — objet développé apparemment aéronautique."
174,234117,PICASSO,4.96,imProved reliabIlity inspeCtion of Aeronautic structure through Simulation Supported POD,"With aging engines and the increase of air traffic in the next 20 years, a central challenge in the aeronautical industry will concern the increase of the efficiency of maintenance which still represents around 20% of an operator’s indirect operating costs. This challenge is particularly important for metallic parts within the engine aircraft industry, because of the criticity of rotative componen",core,"Le texte porte « aeronautical », « maintenance », « air traffic » — objet développé apparemment aéronautique."
175,783211,SAFEDRONE,1.17,Activities on drone integration and demonstration in VLL operations,"The scope of the SAFEDRONE project is to acquire practical experience in Very Low Level (VLL) operations where general aviation, state aviation and optionally piloted aircrafts and drones will share the airspace. It is important to highlight that this project will have a clear practical focus which primary activities will be innovation, integration, and especially, demonstrating activities with fl",core,"Le texte porte « aeronautical », « flight test », « aeronautic » — objet développé apparemment aéronautique."
176,999904,SGO,109.55,JTI-Clean Sky 1-Systems For Green Operations-Integrated Technology Demonstrator,"SYSTEMS FOR GREEN OPERATIONS and DEMONSTRATORS: The Systems for Green Operations ITD was built on the previous large projects of collaborative research, focussing on studies on technologies and integration both on ground and in flight, related to electrical systems, on-board equipment, dedicated test benches and applications (for both small and large aircraft configurations). MAE (Management of Ai",core,"Le texte porte « flight test », « aircraft », « landing » — objet développé apparemment aéronautique."
177,821328,IDEN,1.40,Innovative Distributed Electrical Network,"With the introduction of the more electric aircraft greater emphasis is placed on the power generation and  distribution architecture as a result of increased power demands and higher efficiency needs, as well as the interest in using electrical power for more flight critical applications. Together with the steady drive for reduced weight, increased reliability and reduced maintenance, this leads ",core,"Le texte porte « certification », « maintenance », « aircraft » — objet développé apparemment aéronautique."
178,323478,LIFEMOD,0.57,Enhanced material lifing model for rotating welded structures,"Green and sustainable engines require accurate and well documented material data for safe operation of the engines at optimum efficiency. The SAGE project aims at demonstrating open rotor engines and technologies to reduce fuel consumption, weight and increased efficiency of engine components. Structural integrity and safety of engine critical parts have to be considered with regard to design, man",core,Le texte porte « maintenance » — objet développé apparemment aéronautique.
179,287127,HighPMAAC,0.79,High Performance Modular Architecture of Acquisition and Control command system dedicated to test Electrical systems for Aeronautics,"The HighPMAAC project will create, design, develop and validate a new High Performance Modular architecture of Acquisition and Control Command system dedicated to test Electrical Systems for Aeronautics in an efficient way.This new architecture will allow easily to perform tests in an “independent way” at the Equipment Level. We’ll then be able to perform tests at System Level, providing a full in",core,"Le texte porte « aeronautic », « aircraft » — objet développé apparemment aéronautique."
180,785472,INTELLICONT,2.00,Development and Manufacturing of Intelligent Lightweight Composite Aircraft Container,Air cargo has experienced tremendous growth. Essential components and open field of technological advancement are air-cargo containers (ULDs) which have not followed the technological advances of aircraft structures and systems. The faced challenges are: reduce ULD and aircraft weight; enhance container fire/smoke detection and suppression; eliminate permanent moving and locking hardware; enhance ,core,"Le texte porte « certification », « maintenance », « aircraft » — objet développé apparemment aéronautique."
181,864771,SafeNcy,1.00,SafeNcy - the safe emergency trajectory generator,"SafeNcy project aims at designing, developing, testing and validating a TRL5 on-board function for the FMS capable to support the pilot in the decision making process following an emergency situation with degraded and adverse conditions.Firstly, an emergency landing site selection algorithm will be developed, using a database of possible landing sites that is constantly updated via data-link conne",core,"Le texte porte « aviation », « aircraft », « landing » — objet développé apparemment aéronautique."
182,687014,MACAO,0.37,Development of VOCs and ozone Micro-analysers based on microfluidic devices for Aircraft Cabin Air mOnitoring (MACAO),"The origins of pollutants inside the aircraft cabin are various. Ozone comes from outside, particularly when the aircraft is flying at high altitudes near the stratospheric ozone layer. In addition to the materials emissions, carbonyl species can be also produced in the cabin by reaction of ozone with unsaturated VOCs.Ozone and VOCs can cause acute respiratory problems, aggravate asthma and increa",core,Le texte porte « aircraft » — objet développé apparemment aéronautique.
183,101101974,UP Wing,38.01,Ultra Performance Wing,"The Ultra Performance Wing project will validate, down select, mature and demonstrate key technologies and provide the architectural integration of “ultra-performance wing” concepts for targeted ultra-efficient Short/Medium Range aircraft (SMR),  i.e. 150-250 PAX and 1000-2000nm range.The project directly addresses the Clean Aviation objectives: fuel burn reduction of minimum 30% aircraft level, c",core,"Le texte porte « turbofan », « aviation », « aircraft » — objet développé apparemment aéronautique."
184,233805,PPLANE,3.28,Personal Plane: Assessment and Validation of Pioneering Concepts for Personal Air Transport Systems,"The PPlane project is a direct follow up study to Out-of-the-Box project that aimed to identify potential new concepts and technologies for future air transport and focused on a number of radical changes to the system rather than taking incremental steps.As a result of the Out-of-the-Box project, PPlane implements a systematic approach to radical and novel ideas for Personal Air Transport System (",core,"Le texte porte « air transport », « aviation », « sesar » — objet développé apparemment aéronautique."
185,233772,REACT4C,3.20,Reducing Emissions from Aviation by Changing Trajectories for the benefit of Climate,"The collaborative project REACT4C (Reducing Emissions from Aviation by Changing Trajectories for the benefit of Climate) has the objectives: (1) to explore the feasibility of adopting flight altitudes and flight routes that lead to reduced fuel consumption and emissions, and lessen the environmental impact; (2) to estimate the overall global effect of such ATM measures in terms of climate change. ",core,"Le texte porte « aviation », « aircraft », « flight » — objet développé apparemment aéronautique."
186,285681,VR-HYPERSPACE,3.42,The innovative use of virtual and mixed reality to increase human comfort by changing the perception of self and space,"VR-HYPERSPACE addresses the concerns expressed in ACARE’s Vision 2020 publication of changing demographics and increased urbanization resulting in society in 2050 and beyond needing more long-range transport for business and social-related mobility.  What is required is a radical approach to conventional thinking with regards to the internal and external dimensions of the cabin, and revolutionary ",core,Le texte porte « aviation » — objet développé apparemment aéronautique.
187,785407,cLEvER,0.70,Lightweight and rEliable Emergency exits and cabin footstep for fast Rotorcraft,"To save more lives, civilian rotorcraft operators need to reduce operating time in the Search and Rescue missions or Emergency Medical Services. The primary answer to this time saving challenge is firstly, increase the speed of the rotorcraft and secondly, develop some innovative rotorcraft sub-systems facilitating patients access to the rescuers and the rotorcraft. Coupled to speeder, safer, more",core,"Le texte porte « flight test », « aeronautic », « helicopter » — objet développé apparemment aéronautique."
188,738039,EURECA,1.24,Enhanced Human Robot cooperation in Cabin Assembly tasks,"The EURECA project framework is dedicated to innovate the assembly of aircraft interiors using advanced human-robot collaborative solutions. A pool of devices/frameworks will be deployed for teaming up with human operators in a human-centered assistive environment, always ensuring safety requirements. Solutions are peculiarly designed for addressing both the working conditions and the management o",core,Le texte porte « aircraft » — objet développé apparemment aéronautique.
189,308914,BRAINFLIGHT,0.60,Brain controlled aircraft flight using multiple feedback mechanisms,"Several studies have revealed that the activity of neurons is sufficiently capable of providing enough data to enable the control of an electronic device using solely signals provided by the brain. Project BRAINFLIGHT proposes the application of this kind of control in the world of aircraft, to enable people to control aircraft using only neural signals emitted from their brain. This kind of appro",core,"Le texte porte « aircraft », « flight », « uav » — objet développé apparemment aéronautique."
190,101288499,NOMAD,21.38,Next-Gen Service Oriented Modular ATM Development for Enroute & TMA​,"The NOMAD project (Next-Gen Service Oriented Modular ATM Development for En-Route & TMA) addresses the SESAR 3 IR-02 WA3.1 call by defining, building, and validating the next generation of service-oriented, modular and multi-vendor ATM platform. Its ambition is to establish an agile, interoperable and future-proof environment for ATS provision, supporting the Digital European Sky vision (DES Phase",core,"Le texte porte « air transport », « certification », « air traffic » — objet développé apparemment aéronautique."
191,271881,ADAVES,0.18,Advanced avionics equipment simulation,"The objective of the project is to develop a high fidelity and accuracy GPS system simulation, capable of being seemly integrated in Green Regional Aircraft (GRA) flight simulator.The development of a green FMS is an essential factor for integrating green technologies in GRA simulator and for achieving the following Clean Sky environmental goals.•50% reduction of CO2 emissions•80% reduction of NOx",core,"Le texte porte « aircraft », « avionic », « flight » — objet développé apparemment aéronautique."
192,101102007,HERA,34.98,Hybrid-Electric Regional Architecture,"HERA will identify and trade-off the concept of a regional aircraft, its key architectures, develop required aircraft-level technologies and integrate the required enablers in order to meet the -50% technology-based GHG emission set in SRIA for a Hybrid-Electric Regional Aircraft.The HERA aircraft, having a size of approximately of 50-100 seats, will operate in the regional and short-range air mob",core,"Le texte porte « certification », « aviation », « aircraft » — objet développé apparemment aéronautique."
193,323543,L-CROR CTS,1.50,Low speed aerodynamic test of large CROR aircraft model in a closed test section,"Tests will be performed on a full model with installed CROR engines. The model will be mounted on a ventral sting, located at tunnel centre line. The model is provided with two powered Counter-Rotating propellers which are driven by two air motors (owned by the Topic Manager).The aim of the test is to determine the aerodynamic performance and stability & control characteristics of a CROR powered a",core,Le texte porte « aircraft » — objet développé apparemment aéronautique.
194,267651,LUBEST,0.18,Performance and qualification tests of lubrication system equipment,"ULB-ATM will adapt its current test benches for lubrication equipment to the new requirements imposed by the CROR application. The lubrication equipment to be tested are lubrication pumping units (one at a time or several together), oil tanks, heat exchangers and various associated components as filters, valves and other accessories like sensors or monitoring devices.All tests will be performed wi",core,Qualification d'équipements de lubrification pour l'application CROR (rotor ouvert contrarotatif).
195,714486,SPAIN,0.39,Smart Panels for SAT Aircrafts Cabin Insulation,SPAIN Project main goal is to move from the current design of the fuselage insulation  for small aircraft towards an innovative concept that considers insulation as a characteristic provided by the cabin lining panels. More than researching new and innovative materials for applications in aircraft cabin insulation(because such a solution could require a long certification  process that could devia,core,"Le texte porte « certification », « maintenance », « aircraft » — objet développé apparemment aéronautique."
196,699340,AURORA,0.83,Advanced User-centric efficiency metRics for air traffic perfORmance Analytics,"This project will propose advanced metrics to assess the operational efficiency of the ATM system (challenge of the topic ER-11-2015). These new metrics will be developed with the aim of encapsulating the airspace users’ operational objectives, considering fuel consumption, schedule adherence and cost efficiency of the flights. User-preferred trajectories will be defined as references for performa",core,"Le texte porte « air traffic », « airline », « flight » — objet développé apparemment aéronautique."
197,754660,MOTIVATE,0.49,Matrix Optimization for Testing by Interaction of Virtual And Test Environments,"A significant step change is proposed in the way virtual and test environments are used together in an industrial environment to reduce the cost, risks and time associated with product development.  Enabling technologies, which have been demonstrated in laboratory conditions during a series of EU FP 5 and 7 projects, will be transitioned into the industrial environment and demonstrated in a struct",core,Le texte porte « aircraft » — objet développé apparemment aéronautique.
198,266172,SMAES,3.83,Smart Aircraft in Emergency Situations,Ditching analysis is requested for large transport aircraft by EASA. The respective requirements are specified under § ‘’CS 25.801 Ditching’’. They are primarily devoted to a minimisation of risks for immediate injuries and the provision of fair chances for an evacuation. A significant part of average air travel is over water and historically a planned or unplanned water-landing event occurs gross,core,"Le texte porte « certification », « aircraft », « landing » — objet développé apparemment aéronautique."
199,255741,SMASH,0.31,Smart Methodologies and multilevel/multiscale Analysis of composite stiffened panel for Structural Health monitoring,The concept of sensorised structures for the purpose of damage detection and recording changes of strain fields is of growing interest to reduce the maintenance activities as well as to improve the aircraft safety. The general objective of this proposal is to develop effective computational tools for the development and manufacturing of aircraft stiffened composite sensorised composite structures ,core,"Le texte porte « aeronautical », « maintenance », « aeronautic » — objet développé apparemment aéronautique."
200,325965,EWIS SAT,0.42,Safety Analysis Tools for Electrical Wired Interconnected Systems,"The scope of work defined in the CSJU Topic description (from now on referred to as the Topic) contains different specific areas that require improvements and extension of existing DS safety tools.  Dassault Systèmes will perform the tool improvements to comply to CS25. 1709 standard, in the safety and requirement traceability environments while Keonys will handle the interfacing part between EWIS",core,Outils d'analyse de sécurité des systèmes de câblage électrique interconnectés.
